time[s],v[m/s],w[rad/s],wp_x,wp_y,theta_wp[rad]
0.00,1.00,1.00,-1.00,5.90,0.15
0.10,2.00,-1.47,-1.00,6.00,0.05
0.20,2.00,1.00,-1.00,6.20,0.20
0.30,2.00,-1.57,-1.00,6.40,0.10
0.40,2.00,1.00,-1.00,6.60,0.25
0.50,2.00,-1.57,-1.00,6.80,0.16
0.60,2.00,1.00,-1.00,7.00,0.31
0.70,2.00,-1.19,-1.00,7.19,0.22
0.80,2.00,1.00,-1.00,7.38,0.34
0.90,2.00,-0.48,-1.00,7.57,0.24
1.00,2.00,1.00,-1.00,7.77,0.29
1.10,2.00,-0.20,-1.00,7.96,0.20
1.20,0.00,1.00,-1.54,8.00,0.70
1.30,0.00,1.00,-1.54,8.00,0.60
1.40,1.00,1.00,-1.54,8.00,0.50
1.50,2.00,1.00,-1.82,8.00,0.44
1.60,2.00,-0.34,-2.09,8.09,0.18
1.70,2.00,1.00,-2.24,8.24,0.23
1.80,2.00,-0.30,-2.39,8.39,0.14
1.90,2.00,1.00,-2.54,8.54,0.18
2.00,2.00,-0.73,-2.68,8.68,0.09
2.10,2.00,1.00,-2.83,8.83,0.18
2.20,2.00,-1.21,-2.97,8.97,0.09
2.30,2.00,1.00,-3.30,9.00,0.45
2.40,2.00,1.00,-3.63,9.00,0.39
2.50,2.00,1.00,-3.94,9.00,0.33
2.60,2.00,1.00,-4.24,9.00,0.27
2.70,2.00,1.00,-4.52,9.00,0.20
2.80,2.00,1.00,-4.79,9.00,0.13
2.90,2.00,0.49,-5.05,9.00,0.06
3.00,2.00,1.00,-5.31,9.00,0.03
3.10,2.00,-1.18,-5.56,9.00,-0.05
3.20,2.00,1.00,-5.80,9.00,0.08
3.30,2.00,-1.57,-6.03,9.03,-0.20
3.40,2.00,1.00,-6.17,9.17,-0.05
3.50,2.00,-1.57,-6.31,9.31,-0.16
3.60,2.00,1.00,-6.45,9.45,-0.01
3.70,2.00,-1.57,-6.60,9.60,-0.11
3.80,2.00,1.00,-6.74,9.74,0.04
3.90,2.00,-1.57,-6.88,9.88,-0.07
4.00,2.00,1.00,-7.04,10.00,0.29
4.10,2.00,-0.50,-7.29,10.00,0.21
4.20,2.00,1.00,-7.53,10.00,0.29
4.30,2.00,0.56,-7.76,10.00,0.21
4.40,2.00,1.00,-8.00,10.00,0.17
4.50,2.00,0.40,-8.23,10.00,0.09
4.60,2.00,1.00,-8.45,10.00,0.07
4.70,2.00,-0.91,-8.68,10.00,-0.02
4.80,2.00,1.00,-8.90,10.00,0.08
4.90,2.00,-1.57,-9.08,10.08,-0.21
5.00,2.00,1.00,-9.23,10.23,-0.07
5.10,2.00,-1.57,-9.38,10.38,-0.18
5.20,2.00,1.00,-9.52,10.52,-0.03
5.30,2.00,-1.57,-9.67,10.67,-0.14
5.40,2.00,1.00,-9.82,10.82,0.00
5.50,2.00,-1.57,-9.96,10.96,-0.10
5.60,2.00,1.00,-10.17,11.00,0.26
5.70,2.00,-0.82,-10.40,11.00,0.18
5.80,2.00,1.00,-10.62,11.00,0.28
5.90,2.00,0.16,-10.84,11.00,0.20
6.00,2.00,1.00,-11.06,11.00,0.20
6.10,2.00,0.29,-11.28,11.00,0.12
6.20,2.00,1.00,-11.49,11.00,0.10
6.30,2.00,-0.66,-11.71,11.00,0.01
6.40,2.00,1.00,-11.92,11.00,0.09
6.50,2.00,-1.57,-12.13,11.00,-0.00
6.60,2.00,1.00,-12.34,11.00,0.16
6.70,2.00,-1.57,-12.55,11.00,0.08
6.80,2.00,1.00,-12.76,11.00,0.24
6.90,2.00,-0.98,-12.97,11.00,0.16
7.00,2.00,1.00,-13.14,11.14,0.05
7.10,2.00,-1.57,-13.29,11.29,-0.06
7.20,2.00,1.00,-13.45,11.45,0.08
7.30,2.00,-1.57,-13.61,11.61,-0.03
7.40,2.00,1.00,-13.76,11.76,0.12
7.50,2.00,-1.57,-13.91,11.91,0.01
7.60,2.00,1.00,-14.09,12.00,0.37
7.70,2.00,0.44,-14.30,12.00,0.28
7.80,2.00,1.00,-14.50,12.00,0.26
7.90,2.00,1.00,-14.71,12.00,0.17
8.00,2.00,0.96,-14.92,12.00,0.08
8.10,2.00,0.14,-15.12,12.00,-0.00
8.20,2.00,1.00,-15.33,12.00,-0.01
8.30,2.00,-1.57,-15.54,12.00,-0.11
8.40,2.00,1.00,-15.74,12.00,0.05
8.50,2.00,-1.57,-15.95,12.00,-0.04
8.60,2.00,1.00,-16.15,12.00,0.12
8.70,2.00,-1.57,-16.36,12.00,0.03
8.80,2.00,1.00,-16.56,12.00,0.20
8.90,2.00,-1.38,-16.76,12.00,0.11
9.00,2.00,1.00,-16.96,12.00,0.25
9.10,2.00,-1.57,-17.14,12.14,-0.05
9.20,2.00,1.00,-17.31,12.31,0.09
9.30,2.00,-1.57,-17.47,12.47,-0.03
9.40,2.00,1.00,-17.63,12.63,0.12
9.50,2.00,-1.57,-17.79,12.79,0.01
9.60,2.00,1.00,-17.95,12.95,0.15
9.70,2.00,1.00,-18.14,13.00,0.26
9.80,2.00,1.00,-18.34,13.00,0.17
9.90,2.00,1.00,-18.55,13.00,0.08
10.00,2.00,0.09,-18.75,13.00,-0.01
10.10,2.00,1.00,-18.96,13.00,-0.02
10.20,2.00,-1.57,-19.16,13.00,-0.11
10.30,2.00,1.00,-19.36,13.00,0.05
10.40,2.00,-1.57,-19.57,13.00,-0.05
10.50,2.00,1.00,-19.77,13.00,0.11
10.60,2.00,-1.57,-19.97,13.00,0.02
10.70,2.00,1.00,-20.15,13.15,-0.03
10.80,2.00,-1.57,-20.31,13.31,-0.15
10.90,2.00,1.00,-20.48,13.48,-0.01
11.00,2.00,-1.57,-20.64,13.64,-0.12
11.10,2.00,1.00,-20.80,13.80,0.02
11.20,2.00,-1.57,-20.96,13.96,-0.10
11.30,2.00,1.00,-21.16,14.00,0.26
11.40,2.00,-0.51,-21.36,14.00,0.18
11.50,2.00,1.00,-21.57,14.00,0.24
11.60,2.00,0.34,-21.77,14.00,0.15
11.70,2.00,1.00,-21.98,14.00,0.13
11.80,2.00,0.01,-22.18,14.00,0.04
11.90,2.00,1.00,-22.39,14.00,0.04
12.00,2.00,-1.24,-22.59,14.00,-0.05
12.10,2.00,1.00,-22.80,14.00,0.08
12.20,2.00,-1.57,-23.00,14.00,-0.21
12.30,2.00,1.00,-23.17,14.17,-0.08
12.40,2.00,-1.57,-23.33,14.33,-0.19
12.50,2.00,1.00,-23.50,14.50,-0.05
12.60,2.00,-1.57,-23.66,14.66,-0.17
12.70,2.00,1.00,-23.82,14.82,-0.03
12.80,2.00,-1.57,-23.97,14.97,-0.14
12.90,2.00,1.00,-24.18,15.00,0.22
13.00,2.00,-0.96,-24.38,15.00,0.13
13.10,2.00,1.00,-24.59,15.00,0.24
13.20,2.00,-0.10,-24.80,15.00,0.15
13.30,2.00,-1.57,-25.00,15.02,-0.22
13.40,2.00,1.00,-25.00,15.65,-0.15
13.50,2.00,1.00,-25.06,16.00,0.10
13.60,2.00,0.42,-25.28,16.00,0.01
13.70,2.00,1.00,-25.50,16.00,-0.02
13.80,2.00,-1.46,-25.72,16.00,-0.11
13.90,2.00,1.00,-25.93,16.00,0.04
14.00,2.00,-1.57,-26.10,16.10,-0.26
14.10,2.00,1.00,-26.25,16.25,-0.12
14.20,2.00,-1.57,-26.40,16.40,-0.23
14.30,2.00,1.00,-26.55,16.55,-0.09
14.40,2.00,-1.57,-26.70,16.70,-0.20
14.50,2.00,1.00,-26.85,16.85,-0.06
14.60,2.00,-1.57,-27.00,17.00,-0.17
14.70,2.00,1.00,-27.22,17.00,0.20
14.80,2.00,-1.14,-27.44,17.00,0.12
14.90,2.00,1.00,-27.66,17.00,0.24
15.00,2.00,-0.20,-27.88,17.00,0.16
15.10,2.00,-1.57,-28.00,17.22,-0.23
15.20,2.00,1.00,-28.00,17.65,-0.13
15.30,2.00,1.00,-28.02,18.00,0.12
15.40,2.00,0.70,-28.26,18.00,0.04
15.50,2.00,0.71,-28.49,18.00,-0.01
15.60,2.00,-0.24,-28.72,18.00,-0.07
15.70,2.00,1.00,-28.94,18.00,-0.04
15.80,0.00,-1.57,-29.00,18.29,-0.57
15.90,1.00,1.00,-29.00,18.29,-0.41
16.00,0.00,-1.57,-29.00,18.48,-0.54
16.10,1.00,1.00,-29.00,18.48,-0.38
16.20,0.00,-1.57,-29.00,18.65,-0.51
16.30,1.00,1.00,-29.00,18.65,-0.35
16.40,2.00,-1.57,-29.00,18.82,-0.47
16.50,2.00,1.00,-29.11,19.00,0.06
16.60,2.00,-1.57,-29.36,19.00,-0.02
16.70,2.00,1.00,-29.60,19.00,0.15
16.80,2.00,-1.57,-29.85,19.00,0.07
16.90,2.00,1.00,-30.05,19.05,0.04
17.00,2.00,-1.57,-30.19,19.19,-0.06
17.10,2.00,1.00,-30.34,19.34,0.09
17.20,2.00,-1.57,-30.48,19.48,-0.01
17.30,2.00,1.00,-30.63,19.63,0.14
17.40,2.00,-1.57,-30.77,19.77,0.04
17.50,2.00,1.00,-30.91,19.91,0.20
17.60,2.00,-1.57,-31.05,20.05,0.10
17.70,2.00,1.00,-31.19,20.19,0.25
17.80,2.00,-1.03,-31.33,20.33,0.16
17.90,2.00,1.00,-31.47,20.47,0.26
18.00,2.00,-0.38,-31.61,20.61,0.16
18.10,2.00,1.00,-31.75,20.75,0.20
18.20,2.00,-0.31,-31.89,20.89,0.10
18.30,2.00,1.00,-32.05,21.00,0.34
18.40,2.00,1.00,-32.28,21.00,0.26
18.50,2.00,1.00,-32.51,21.00,0.18
18.60,2.00,1.00,-32.74,21.00,0.10
18.70,2.00,0.38,-32.97,21.00,0.02
18.80,2.00,-1.57,-33.00,21.35,-0.46
18.90,2.00,0.43,-33.00,21.71,-0.36
19.00,2.00,1.00,-33.03,22.00,-0.04
19.10,2.00,-1.57,-33.28,22.00,-0.13
19.20,2.00,1.00,-33.51,22.00,0.04
19.30,2.00,-1.57,-33.76,22.00,-0.04
19.40,2.00,1.00,-33.99,22.00,0.13
19.50,2.00,-1.57,-34.00,22.34,-0.40
19.60,2.00,1.00,-34.00,22.66,-0.29
19.70,2.00,-1.57,-34.00,22.96,-0.43
19.80,2.00,1.00,-34.23,23.00,0.14
19.90,2.00,-1.57,-34.49,23.00,0.06
20.00,2.00,1.00,-34.75,23.00,0.24
20.10,2.00,-0.73,-35.00,23.00,0.16
20.20,2.00,-1.57,-35.00,23.33,-0.19
20.30,2.00,1.00,-35.00,23.63,-0.07
20.40,2.00,-1.57,-35.00,23.93,-0.20
20.50,2.00,1.00,-35.21,24.00,0.36
20.60,2.00,0.67,-35.47,24.00,0.29
20.70,2.00,1.00,-35.72,24.00,0.26
20.80,2.00,1.00,-35.97,24.00,0.18
20.90,2.00,-1.57,-36.00,24.29,-0.34
21.00,2.00,1.00,-36.00,24.60,-0.23
21.10,2.00,-1.57,-36.00,24.89,-0.36
21.20,2.00,1.00,-36.17,25.00,0.19
21.30,2.00,-1.13,-36.45,25.00,0.12
21.40,2.00,1.00,-36.71,25.00,0.26
21.50,2.00,-0.01,-36.97,25.00,0.19
21.60,2.00,-1.57,-37.00,25.28,-0.24
21.70,2.00,1.00,-37.00,25.58,-0.11
21.80,2.00,-1.57,-37.00,25.86,-0.24
21.90,2.00,1.00,-37.15,26.00,0.31
22.00,2.00,0.16,-37.42,26.00,0.24
22.10,2.00,1.00,-37.69,26.00,0.25
22.20,2.00,1.00,-37.95,26.00,0.18
22.30,2.00,1.00,-38.20,26.00,0.10
22.40,2.00,0.48,-38.44,26.00,0.02
22.50,2.00,1.00,-38.68,26.00,-0.01
22.60,2.00,-1.28,-38.92,26.00,-0.09
22.70,2.00,1.00,-39.15,26.00,0.05
22.80,2.00,-1.57,-39.38,26.00,-0.04
22.90,2.00,1.00,-39.61,26.00,0.13
23.00,2.00,-1.57,-39.84,26.00,0.05
23.10,2.00,1.00,-40.07,26.00,0.22
23.20,2.00,-0.92,-40.29,26.00,0.14
23.30,2.00,1.00,-40.51,26.00,0.25
23.40,2.00,0.02,-40.73,26.00,0.16
23.50,2.00,1.00,-40.94,26.00,0.18
23.60,2.00,1.00,-41.42,25.00,0.25
23.70,2.00,1.00,-41.62,25.00,0.16
23.80,2.00,0.89,-41.82,25.00,0.07
23.90,2.00,1.00,-42.05,24.00,0.13
24.00,2.00,0.41,-42.25,24.00,0.04
24.10,2.00,1.00,-42.45,24.00,-0.01
24.20,2.00,-1.57,-42.65,24.00,-0.11
24.30,2.00,1.00,-42.85,24.00,0.04
24.40,2.00,1.00,-43.05,23.95,0.15
24.50,2.00,1.00,-43.23,23.77,0.07
24.60,2.00,0.26,-43.41,23.59,-0.01
24.70,2.00,1.00,-43.58,23.42,-0.02
24.80,2.00,-1.48,-43.75,23.25,-0.10
24.90,2.00,1.00,-43.92,23.08,0.06
25.00,2.00,-1.57,-44.11,23.00,-0.23
25.10,2.00,1.00,-44.31,23.00,-0.09
25.20,2.00,-1.57,-44.51,23.00,-0.19
25.30,2.00,1.00,-44.71,23.00,-0.05
25.40,2.00,-1.57,-44.91,23.00,-0.15
25.50,2.00,1.00,-45.12,23.00,-0.00
25.60,2.00,-1.57,-45.32,23.00,-0.11
25.70,2.00,1.00,-45.52,23.00,0.04
25.80,2.00,-1.57,-45.72,23.00,-0.06
25.90,2.00,1.00,-45.92,23.00,0.09
26.00,2.00,1.00,-46.11,22.89,0.21
26.10,2.00,1.00,-46.28,22.72,0.13
26.20,2.00,0.80,-46.45,22.55,0.05
26.30,2.00,0.53,-46.62,22.38,-0.01
26.40,2.00,0.43,-46.78,22.22,-0.05
26.50,2.00,0.02,-46.94,22.06,-0.08
26.60,2.00,-1.57,-47.13,22.00,-0.29
26.70,2.00,1.00,-47.33,22.00,-0.14
26.80,2.00,-1.57,-47.54,22.00,-0.25
26.90,2.00,1.00,-47.74,22.00,-0.11
27.00,2.00,-1.57,-47.94,22.00,-0.22
27.10,2.00,1.00,-48.00,21.42,0.41
27.20,2.00,1.00,-48.00,20.86,0.40
27.30,2.00,1.00,-48.00,20.41,0.36
27.40,2.00,1.00,-48.00,20.02,0.32
27.50,2.00,1.00,-48.00,19.66,0.26
27.60,2.00,1.00,-48.00,19.34,0.20
27.70,2.00,1.00,-48.00,19.03,0.14
27.80,2.00,1.00,-48.00,18.74,0.07
27.90,2.00,0.31,-48.00,18.46,-0.01
28.00,2.00,1.00,-48.00,18.19,-0.02
28.10,2.00,-1.35,-48.00,17.93,-0.10
28.20,2.00,1.00,-48.00,17.68,0.06
28.30,2.00,-1.57,-48.00,17.43,-0.02
28.40,2.00,1.00,-48.00,17.18,0.15
28.50,2.00,1.00,-47.80,16.80,0.30
28.60,2.00,1.00,-47.32,16.32,0.30
28.70,2.00,-0.43,-47.00,15.97,0.07
28.80,2.00,1.00,-47.00,15.76,0.13
28.90,2.00,-0.78,-47.00,15.55,0.04
29.00,2.00,1.00,-47.00,15.34,0.12
29.10,2.00,-1.15,-47.00,15.13,0.03
29.20,2.00,1.00,-46.90,14.90,0.37
29.30,2.00,1.00,-46.64,14.64,0.32
29.40,2.00,1.00,-46.40,14.40,0.26
29.50,2.00,1.00,-46.18,14.18,0.20
29.60,2.00,-1.57,-46.00,13.96,-0.07
29.70,2.00,1.00,-46.00,13.77,0.09
29.80,2.00,-1.57,-46.00,13.57,-0.01
29.90,2.00,1.00,-46.00,13.37,0.15
30.00,2.00,-1.57,-46.00,13.17,0.06
30.10,0.00,1.00,-45.30,13.00,0.71
30.20,0.00,1.00,-45.30,13.00,0.61
30.30,0.00,1.00,-45.30,13.00,0.51
30.40,1.00,1.00,-45.30,13.00,0.41
30.50,2.00,-1.57,-45.00,12.94,-0.04
30.60,2.00,1.00,-45.00,12.74,0.12
30.70,2.00,-1.57,-45.00,12.54,0.02
30.80,2.00,1.00,-45.00,12.34,0.17
30.90,2.00,-1.29,-45.00,12.14,0.07
31.00,2.00,1.00,-45.00,11.94,0.20
31.10,2.00,-0.67,-45.00,11.74,0.10
31.20,2.00,1.00,-45.00,11.54,0.17
31.30,2.00,-0.37,-45.00,11.34,0.07
31.40,2.00,1.00,-45.00,11.14,0.10
31.50,2.00,-0.73,-45.00,10.94,0.00
31.60,2.00,1.00,-45.00,10.74,0.07
31.70,2.00,-1.43,-45.00,10.54,-0.03
31.80,2.00,1.00,-45.00,10.33,0.11
31.90,2.00,-1.57,-45.00,10.13,0.01
32.00,2.00,1.00,-45.00,9.93,0.16
32.10,2.00,-1.25,-45.00,9.73,0.06
32.20,2.00,1.00,-45.00,9.53,0.19
32.30,2.00,-0.63,-45.00,9.34,0.09
32.40,2.00,1.00,-45.00,9.13,0.15
32.50,2.00,-1.57,-45.08,8.92,-0.15
32.60,2.00,1.00,-45.30,8.70,-0.03
32.70,2.00,-1.57,-45.51,8.49,-0.16
32.80,2.00,1.00,-45.72,8.28,-0.04
32.90,2.00,-1.57,-45.92,8.08,-0.16
33.00,2.00,-1.05,-46.88,8.00,-0.34
33.10,2.00,-1.57,-47.59,8.00,-0.34
33.20,2.00,0.40,-48.09,8.00,-0.26
33.30,2.00,-1.57,-48.52,8.00,-0.35
33.40,2.00,1.00,-48.89,8.00,-0.25
33.50,2.00,-1.57,-49.10,7.90,-0.17
33.60,2.00,1.00,-49.24,7.76,-0.02
33.70,2.00,-1.57,-49.38,7.62,-0.13
33.80,2.00,1.00,-49.53,7.47,0.02
33.90,2.00,-1.57,-49.67,7.33,-0.08
34.00,2.00,1.00,-49.81,7.19,0.07
34.10,2.00,-1.57,-49.95,7.05,-0.03
34.20,2.00,1.00,-50.21,7.00,-0.09
34.30,2.00,-1.57,-50.52,7.00,-0.22
34.40,2.00,1.00,-50.81,7.00,-0.10
34.50,2.00,1.00,-51.00,6.91,0.19
34.60,2.00,1.00,-51.00,6.63,0.11
34.70,2.00,1.00,-51.00,6.36,0.04
34.80,2.00,0.33,-51.00,6.10,-0.04
34.90,2.00,-1.57,-51.08,5.92,-0.27
35.00,2.00,1.00,-51.22,5.78,-0.12
35.10,2.00,-1.57,-51.36,5.64,-0.22
35.20,2.00,1.00,-51.50,5.50,-0.08
35.30,2.00,-1.57,-51.64,5.36,-0.18
35.40,2.00,1.00,-51.78,5.22,-0.03
35.50,2.00,-1.57,-51.92,5.08,-0.13
35.60,2.00,1.00,-52.00,4.88,0.23
35.70,2.00,-0.27,-52.00,4.62,0.16
35.80,2.00,1.00,-52.00,4.36,0.21
35.90,2.00,0.77,-52.00,4.11,0.13
36.00,2.00,1.00,-52.00,3.87,0.07
36.10,2.00,0.36,-52.00,3.63,-0.01
36.20,2.00,1.00,-52.00,3.40,-0.03
36.30,2.00,-1.22,-52.00,3.17,-0.12
36.40,2.00,1.00,-52.00,2.94,0.02
36.50,2.00,-1.57,-52.00,2.71,-0.07
36.60,2.00,1.00,-52.00,2.49,0.10
36.70,2.00,-1.57,-52.00,2.26,0.01
36.80,2.00,1.00,-52.00,2.04,0.18
36.90,2.00,-0.93,-52.00,1.82,0.10
37.00,2.00,1.00,-52.00,1.60,0.20
37.10,2.00,-0.04,-52.00,1.39,0.12
37.20,2.00,1.00,-52.00,1.17,0.14
37.30,2.00,0.13,-52.00,0.96,0.05
37.40,2.00,1.00,-52.00,0.74,0.05
37.50,2.00,-0.68,-52.00,0.53,-0.04
37.60,2.00,1.00,-52.00,0.32,0.03
37.70,2.00,-1.57,-52.00,0.11,-0.06
37.80,2.00,1.00,-52.00,-0.10,0.10
37.90,2.00,-1.57,-52.00,-0.31,0.01
38.00,2.00,1.00,-52.00,-0.51,0.18
38.10,2.00,-1.00,-52.00,-0.72,0.09
38.20,2.00,1.00,-52.00,-0.93,0.20
38.30,2.00,1.00,-51.83,-1.17,0.33
38.40,2.00,1.00,-51.59,-1.41,0.28
38.50,2.00,1.00,-51.36,-1.64,0.22
38.60,2.00,1.00,-51.14,-1.86,0.15
38.70,2.00,-1.57,-51.00,-2.06,-0.12
38.80,2.00,1.00,-51.00,-2.26,0.03
38.90,2.00,-1.57,-51.00,-2.46,-0.07
39.00,2.00,1.00,-51.00,-2.66,0.09
39.10,2.00,-1.57,-51.00,-2.86,-0.01
39.20,2.00,1.00,-51.00,-3.06,0.15
39.30,2.00,-1.32,-51.00,-3.25,0.05
39.40,2.00,1.00,-51.00,-3.45,0.19
39.50,2.00,-0.64,-51.00,-3.65,0.09
39.60,2.00,1.00,-51.00,-3.85,0.16
39.70,2.00,-0.23,-51.00,-4.05,0.06
39.80,2.00,1.00,-51.00,-4.25,0.09
39.90,2.00,-0.58,-51.00,-4.45,-0.01
40.00,2.00,1.00,-51.00,-4.65,0.05
40.10,2.00,-1.36,-51.00,-4.85,-0.05
40.20,2.00,1.00,-50.96,-5.04,0.29
40.30,2.00,0.89,-50.76,-5.24,0.22
40.40,2.00,1.00,-50.58,-5.42,0.15
40.50,2.00,1.00,-50.40,-5.60,0.08
40.60,2.00,0.95,-50.22,-5.78,-0.00
40.70,2.00,0.20,-50.05,-5.95,-0.08
40.80,2.00,-1.57,-50.00,-6.14,-0.30
40.90,2.00,1.00,-50.00,-6.33,-0.16
41.00,2.00,-1.57,-50.00,-6.53,-0.27
41.10,2.00,1.00,-50.00,-6.73,-0.12
41.20,2.00,-1.57,-50.00,-6.93,-0.23
41.30,2.00,1.00,-50.00,-7.13,-0.08
41.40,2.00,-1.57,-50.00,-7.33,-0.18
41.50,2.00,1.00,-50.00,-7.53,-0.03
41.60,2.00,-1.57,-50.00,-7.73,-0.14
41.70,2.00,1.00,-50.00,-7.93,0.01
41.80,2.00,1.00,-49.88,-8.12,0.13
41.90,2.00,1.00,-49.70,-8.30,0.05
42.00,2.00,0.50,-49.53,-8.47,-0.03
42.10,2.00,1.00,-49.36,-8.64,-0.07
42.20,2.00,-1.30,-49.19,-8.81,-0.15
42.30,2.00,1.00,-49.03,-8.97,-0.01
42.40,2.00,-1.57,-49.00,-9.17,-0.31
42.50,2.00,1.00,-49.00,-9.36,-0.17
42.60,2.00,-1.57,-49.00,-9.56,-0.28
42.70,2.00,1.00,-49.00,-9.76,-0.14
42.80,2.00,-1.57,-49.00,-9.96,-0.24
42.90,2.00,1.00,-49.00,-10.16,-0.10
43.00,2.00,-1.57,-49.00,-10.36,-0.20
43.10,2.00,1.00,-49.00,-10.56,-0.05
43.20,2.00,-1.57,-49.00,-10.76,-0.16
43.30,2.00,1.00,-49.00,-10.96,-0.01
43.40,2.00,1.00,-48.86,-11.14,0.11
43.50,2.00,0.95,-48.68,-11.32,0.03
43.60,2.00,0.22,-48.51,-11.49,-0.05
43.70,2.00,1.00,-48.34,-11.66,-0.06
43.80,2.00,-1.57,-48.17,-11.83,-0.14
43.90,2.00,1.00,-48.01,-11.99,0.02
44.00,2.00,-1.57,-48.00,-12.19,-0.28
44.10,2.00,1.00,-48.00,-12.39,-0.14
44.20,2.00,-1.57,-48.00,-12.59,-0.25
44.30,2.00,1.00,-48.00,-12.79,-0.10
44.40,2.00,-1.57,-48.00,-12.99,-0.21
44.50,2.00,1.00,-48.00,-13.19,-0.06
44.60,2.00,-1.57,-48.00,-13.40,-0.16
44.70,2.00,1.00,-48.00,-13.60,-0.02
44.80,2.00,-1.57,-48.00,-13.80,-0.12
44.90,2.00,1.00,-48.00,-14.00,0.03
45.00,2.00,1.00,-47.07,-14.00,0.47
45.10,2.00,1.00,-46.52,-14.00,0.45
45.20,2.00,1.00,-46.08,-14.00,0.41
45.30,2.00,1.00,-45.69,-14.00,0.37
45.40,2.00,1.00,-45.35,-14.00,0.32
45.50,2.00,1.00,-45.03,-14.00,0.26
45.60,2.00,1.00,-44.72,-14.00,0.19
45.70,2.00,1.00,-44.43,-14.00,0.12
45.80,2.00,1.00,-44.16,-14.00,0.05
45.90,2.00,0.47,-43.89,-14.00,-0.02
46.00,2.00,1.00,-43.63,-14.00,-0.05
46.10,2.00,-1.25,-43.38,-14.00,-0.13
46.20,2.00,1.00,-43.14,-14.00,0.00
46.30,2.00,-1.57,-42.89,-14.00,-0.08
46.40,2.00,1.00,-42.65,-14.00,0.09
46.50,2.00,-1.57,-42.41,-14.00,0.01
46.60,2.00,1.00,-42.17,-14.00,0.18
46.70,2.00,1.00,-41.86,-13.86,0.32
46.80,2.00,1.00,-41.44,-13.44,0.31
46.90,2.00,1.00,-41.11,-13.11,0.28
47.00,2.00,-1.09,-40.87,-13.00,0.01
47.10,2.00,1.00,-40.66,-13.00,0.12
47.20,2.00,-1.11,-40.45,-13.00,0.03
47.30,2.00,1.00,-40.25,-13.00,0.15
47.40,2.00,-0.83,-40.04,-13.00,0.06
47.50,2.00,1.00,-39.80,-12.80,0.38
47.60,2.00,1.00,-39.57,-12.57,0.32
47.70,2.00,1.00,-39.35,-12.35,0.26
47.80,2.00,1.00,-39.14,-12.14,0.20
47.90,2.00,-1.57,-38.94,-12.00,-0.08
48.00,2.00,1.00,-38.74,-12.00,0.07
48.10,2.00,-1.57,-38.54,-12.00,-0.02
48.20,2.00,1.00,-38.34,-12.00,0.13
48.30,2.00,-1.47,-38.14,-12.00,0.04
48.40,0.00,1.00,-38.00,-11.33,0.68
48.50,0.00,1.00,-38.00,-11.33,0.58
48.60,1.00,1.00,-38.00,-11.33,0.48
48.70,2.00,-1.57,-37.96,-11.00,0.04
48.80,2.00,1.00,-37.76,-11.00,0.19
48.90,2.00,-0.78,-37.56,-11.00,0.09
49.00,2.00,1.00,-37.36,-11.00,0.16
49.10,2.00,-0.21,-37.16,-11.00,0.07
49.20,2.00,1.00,-36.96,-10.96,0.29
49.30,2.00,1.00,-36.80,-10.80,0.21
49.40,2.00,1.00,-36.63,-10.63,0.13
49.50,2.00,1.00,-36.47,-10.47,0.05
49.60,2.00,0.66,-36.31,-10.31,-0.04
49.70,2.00,0.73,-36.16,-10.16,-0.10
49.80,2.00,-0.42,-36.00,-10.00,-0.16
49.90,2.00,1.00,-35.85,-9.85,-0.11
50.00,2.00,-1.57,-35.70,-9.70,-0.21
50.10,2.00,1.00,-35.55,-9.55,-0.05
50.20,2.00,-1.57,-35.40,-9.40,-0.14
50.30,2.00,1.00,-35.25,-9.25,0.03
50.40,2.00,-1.57,-35.10,-9.10,-0.06
50.50,2.00,1.00,-34.94,-8.94,0.10
50.60,2.00,-1.45,-34.79,-8.79,0.01
50.70,2.00,1.00,-34.64,-8.64,0.17
50.80,2.00,-0.61,-34.49,-8.49,0.08
50.90,2.00,1.00,-34.34,-8.34,0.15
51.00,2.00,0.07,-34.19,-8.19,0.06
51.10,2.00,1.00,-34.05,-8.05,0.07
51.20,2.00,1.00,-34.00,-7.73,0.20
51.30,2.00,1.00,-34.00,-7.36,0.15
51.40,2.00,1.00,-34.00,-7.02,0.09
51.50,2.00,-1.57,-33.77,-7.00,-0.43
51.60,2.00,1.00,-33.53,-7.00,-0.30
51.70,2.00,-1.57,-33.30,-7.00,-0.42
51.80,2.00,1.00,-33.08,-7.00,-0.29
51.90,2.00,1.00,-33.00,-6.74,0.02
52.00,2.00,0.77,-33.00,-6.38,-0.04
52.10,2.00,0.70,-33.00,-6.05,-0.08
52.20,0.00,-1.57,-32.81,-6.00,-0.57
52.30,1.00,1.00,-32.81,-6.00,-0.41
52.40,0.00,-1.57,-32.69,-6.00,-0.52
52.50,1.00,1.00,-32.69,-6.00,-0.37
52.60,2.00,-1.57,-32.57,-6.00,-0.48
52.70,2.00,1.00,-32.35,-6.00,-0.35
52.80,2.00,-1.57,-32.12,-6.00,-0.48
52.90,2.00,1.00,-32.00,-5.83,0.08
53.00,2.00,-1.45,-32.00,-5.45,0.02
53.10,2.00,1.00,-32.00,-5.11,0.20
53.20,2.00,-1.57,-31.83,-5.00,-0.29
53.30,2.00,1.00,-31.59,-5.00,-0.16
53.40,2.00,-1.57,-31.35,-5.00,-0.28
53.50,2.00,1.00,-31.12,-5.00,-0.15
53.60,2.00,1.00,-31.00,-4.81,0.16
53.70,2.00,1.00,-31.00,-4.45,0.10
53.80,2.00,1.00,-31.00,-4.11,0.04
53.90,2.00,-1.57,-30.84,-4.00,-0.46
54.00,2.00,1.00,-30.60,-4.00,-0.33
54.10,2.00,-1.57,-30.37,-4.00,-0.46
54.20,2.00,1.00,-30.14,-4.00,-0.33
54.30,2.00,1.00,-30.00,-3.86,-0.03
54.40,2.00,-0.32,-30.00,-3.50,-0.09
54.50,2.00,1.00,-30.00,-3.17,-0.03
54.60,0.00,-1.57,-29.88,-3.00,-0.52
54.70,1.00,1.00,-29.88,-3.00,-0.37
54.80,2.00,-1.57,-29.76,-3.00,-0.48
54.90,2.00,1.00,-29.54,-3.00,-0.35
55.00,2.00,-1.57,-29.31,-3.00,-0.48
55.10,2.00,1.00,-29.09,-3.00,-0.35
55.20,2.00,-1.57,-28.87,-3.00,-0.47
55.30,2.00,1.00,-28.66,-3.00,-0.34
55.40,2.00,-1.57,-28.45,-3.00,-0.46
55.50,2.00,1.00,-28.24,-3.00,-0.32
55.60,2.00,-1.57,-28.03,-3.00,-0.44
55.70,2.00,1.00,-27.83,-3.00,-0.30
55.80,2.00,-1.57,-27.63,-3.00,-0.42
55.90,2.00,1.00,-27.43,-3.00,-0.28
56.00,2.00,-1.57,-27.23,-3.00,-0.40
56.10,2.00,1.00,-27.04,-3.00,-0.26
56.20,2.00,-1.57,-26.83,-3.00,-0.37
56.30,2.00,1.00,-26.64,-3.00,-0.23
56.40,2.00,-1.57,-26.44,-3.00,-0.34
56.50,2.00,1.00,-26.25,-3.00,-0.20
56.60,2.00,-1.57,-26.05,-3.00,-0.31
56.70,2.00,1.00,-25.85,-3.00,-0.16
56.80,2.00,-1.57,-25.65,-3.00,-0.27
56.90,2.00,1.00,-25.46,-3.00,-0.13
57.00,2.00,-1.57,-25.26,-3.00,-0.23
57.10,2.00,1.00,-25.06,-3.00,-0.08
57.20,2.00,-1.57,-24.85,-3.15,-0.41
57.30,2.00,1.00,-24.65,-3.35,-0.29
57.40,2.00,-1.57,-24.45,-3.55,-0.42
57.50,2.00,1.00,-24.27,-3.73,-0.30
57.60,2.00,-1.57,-24.09,-3.91,-0.43
57.70,2.00,1.00,-23.90,-4.00,-0.09
57.80,2.00,-1.57,-23.70,-4.00,-0.19
57.90,2.00,1.00,-23.51,-4.00,-0.04
58.00,2.00,-1.57,-23.30,-4.00,-0.13
58.10,2.00,1.00,-23.11,-4.00,0.02
58.20,2.00,-1.57,-22.90,-4.00,-0.07
58.30,2.00,1.00,-22.70,-4.00,0.08
58.40,2.00,-1.57,-22.50,-4.00,-0.01
58.50,2.00,1.00,-22.30,-4.00,0.15
58.60,2.00,-1.57,-22.10,-4.00,0.06
58.70,2.00,1.00,-21.90,-4.00,0.22
58.80,2.00,-1.57,-21.70,-4.00,0.13
58.90,2.00,1.00,-21.50,-4.00,0.29
59.00,2.00,-1.07,-21.31,-4.00,0.20
59.10,2.00,1.00,-21.11,-4.00,0.32
59.20,2.00,-1.57,-20.92,-4.08,0.02
59.30,2.00,1.00,-20.74,-4.26,0.16
59.40,2.00,-1.57,-20.57,-4.43,0.04
59.50,2.00,1.00,-20.39,-4.61,0.18
59.60,2.00,-1.57,-20.23,-4.77,0.07
59.70,2.00,1.00,-20.06,-4.94,0.21
59.80,2.00,1.00,-19.88,-5.00,0.32
59.90,2.00,1.00,-19.68,-5.00,0.23
60.00,2.00,1.00,-19.48,-5.00,0.14
60.10,2.00,0.08,-19.28,-5.00,0.05
60.20,2.00,1.00,-19.08,-5.00,0.04
60.30,2.00,-1.57,-18.88,-5.00,-0.05
60.40,2.00,1.00,-18.68,-5.00,0.10
60.50,2.00,-1.57,-18.48,-5.00,0.01
60.60,2.00,1.00,-18.28,-5.00,0.17
60.70,2.00,-1.57,-18.08,-5.00,0.08
60.80,2.00,1.00,-17.88,-5.00,0.24
60.90,2.00,-1.39,-17.68,-5.00,0.15
61.00,2.00,1.00,-17.49,-5.00,0.29
61.10,2.00,-0.60,-17.29,-5.00,0.20
61.20,2.00,1.00,-17.10,-5.00,0.27
61.30,2.00,-0.02,-16.90,-5.00,0.18
61.40,2.00,1.00,-16.71,-5.00,0.18
61.50,2.00,-0.32,-16.51,-5.00,0.09
61.60,2.00,1.00,-16.31,-5.00,0.13
61.70,2.00,-1.24,-16.11,-5.00,0.03
61.80,2.00,1.00,-15.91,-5.00,0.15
61.90,2.00,-1.57,-15.72,-5.00,0.06
62.00,2.00,1.00,-15.52,-5.00,0.22
62.10,2.00,-1.46,-15.32,-5.00,0.12
62.20,2.00,1.00,-15.12,-5.00,0.27
62.30,2.00,-1.57,-14.93,-5.07,-0.03
62.40,2.00,1.00,-14.73,-5.27,0.11
62.50,2.00,-1.57,-14.54,-5.46,-0.01
62.60,2.00,1.00,-14.36,-5.64,0.12
62.70,2.00,-1.57,-14.18,-5.82,0.01
62.80,2.00,1.00,-14.00,-6.00,0.14
62.90,2.00,1.00,-13.81,-6.00,0.25
63.00,2.00,1.00,-13.61,-6.00,0.16
63.10,2.00,0.69,-13.42,-6.00,0.07
63.20,2.00,0.62,-13.22,-6.00,0.00
63.30,2.00,-0.17,-13.01,-6.00,-0.06
63.40,2.00,1.00,-12.81,-6.00,-0.04
63.50,2.00,-1.57,-12.61,-6.00,-0.14
63.60,2.00,1.00,-12.42,-6.00,0.02
63.70,2.00,-1.57,-12.22,-6.00,-0.08
63.80,2.00,1.00,-12.02,-6.00,0.07
63.90,2.00,-1.57,-11.82,-6.00,-0.02
64.00,2.00,1.00,-11.62,-6.00,0.14
64.10,2.00,-1.57,-11.42,-6.00,0.04
64.20,2.00,1.00,-11.22,-6.00,0.20
64.30,2.00,-1.46,-11.02,-6.00,0.11
64.40,2.00,1.00,-10.82,-6.00,0.26
64.50,2.00,-0.70,-10.63,-6.00,0.17
64.60,2.00,1.00,-10.43,-6.00,0.24
64.70,2.00,-0.08,-10.24,-6.00,0.15
64.80,2.00,1.00,-10.04,-6.00,0.16
64.90,2.00,-1.57,-9.84,-6.16,-0.15
65.00,2.00,1.00,-9.65,-6.35,-0.02
65.10,2.00,-1.57,-9.47,-6.53,-0.14
65.20,2.00,1.00,-9.29,-6.71,-0.01
65.30,2.00,-1.57,-9.11,-6.89,-0.13
65.40,2.00,1.00,-8.93,-7.00,0.22
65.50,2.00,-1.17,-8.73,-7.00,0.13
65.60,2.00,1.00,-8.53,-7.00,0.25
65.70,2.00,-0.38,-8.33,-7.00,0.16
65.80,2.00,1.00,-8.13,-7.00,0.21
65.90,2.00,-0.03,-7.93,-7.00,0.11
66.00,2.00,1.00,-7.73,-7.00,0.12
66.10,2.00,-0.56,-7.53,-7.00,0.03
66.20,2.00,1.00,-7.33,-7.00,0.09
66.30,2.00,-1.46,-7.13,-7.00,-0.01
66.40,2.00,1.00,-6.93,-7.00,0.14
66.50,2.00,-1.57,-6.73,-7.00,0.05
66.60,2.00,1.00,-6.53,-7.00,0.21
66.70,2.00,-1.16,-6.33,-7.00,0.11
66.80,2.00,1.00,-6.13,-7.00,0.24
66.90,2.00,-0.42,-5.94,-7.00,0.14
67.00,2.00,1.00,-5.74,-7.00,0.19
67.10,2.00,-0.14,-5.54,-7.00,0.10
67.20,2.00,1.00,-5.35,-7.00,0.11
67.30,2.00,-0.66,-5.15,-7.00,0.02
67.40,2.00,0.35,-4.95,-7.05,-0.12
67.50,2.00,-1.57,-4.76,-7.24,-0.18
67.60,2.00,1.00,-4.57,-7.43,-0.05
67.70,2.00,-1.57,-4.39,-7.61,-0.17
67.80,2.00,1.00,-4.21,-7.79,-0.04
67.90,2.00,-1.57,-4.04,-7.96,-0.15
68.00,2.00,1.00,-3.84,-8.00,0.20
68.10,2.00,-1.16,-3.64,-8.00,0.11
68.20,2.00,1.00,-3.44,-8.00,0.23
68.30,2.00,-0.37,-3.24,-8.00,0.14
68.40,2.00,1.00,-3.04,-8.00,0.19
68.50,2.00,-0.05,-2.84,-8.00,0.09
68.60,2.00,1.00,-2.64,-8.00,0.10
68.70,2.00,-0.60,-2.44,-8.00,0.01
68.80,2.00,1.00,-2.24,-8.00,0.07
68.90,2.00,-1.48,-2.04,-8.00,-0.02
69.00,2.00,1.00,-1.84,-8.00,0.13
69.10,2.00,-1.57,-1.64,-8.00,0.03
69.20,2.00,1.00,-1.44,-8.00,0.19
69.30,2.00,-1.14,-1.24,-8.00,0.10
69.40,2.00,1.00,-1.04,-8.00,0.22
69.50,0.00,1.00,-1.00,-6.46,0.75
69.60,0.00,1.00,-1.00,-6.46,0.65
69.70,0.00,1.00,-1.00,-6.46,0.55
69.80,1.00,1.00,-1.00,-6.46,0.45
69.90,2.00,1.00,-1.00,-6.12,0.40
70.00,2.00,1.00,-1.00,-5.58,0.38
70.10,2.00,1.00,-1.00,-5.15,0.35
70.20,2.00,1.00,-1.00,-4.77,0.30
70.30,2.00,1.00,-1.00,-4.42,0.24
70.40,2.00,1.00,-1.00,-4.10,0.18
70.50,2.00,1.00,-1.00,-3.79,0.12
70.60,2.00,1.00,-1.00,-3.50,0.04
70.70,2.00,0.64,-1.00,-3.23,-0.03
70.80,2.00,1.00,-1.00,-2.00,0.01
70.90,2.00,-0.66,-1.00,-2.00,-0.09
71.00,2.00,1.00,-1.00,-2.00,-0.03
71.10,2.00,-1.57,-1.00,-2.00,-0.14
71.20,2.00,1.00,-1.00,-2.00,0.01
71.30,2.00,-1.57,-1.00,-2.00,-0.10
71.40,2.00,1.00,-1.00,-2.00,0.05
71.50,2.00,-1.57,-1.00,-2.00,-0.05
71.60,2.00,1.00,-1.00,-2.00,0.10
71.70,2.00,-1.57,-1.00,-2.00,-0.01
71.80,2.00,1.00,-1.00,-2.00,0.14
71.90,2.00,-1.46,-1.00,-2.00,0.04
72.00,2.00,1.00,-1.00,-2.00,0.18
72.10,2.00,-0.89,-1.00,-2.00,0.08
72.20,2.00,1.00,-1.00,-2.00,0.17
72.30,2.00,-0.47,-1.00,-2.00,0.07
72.40,2.00,1.00,-1.00,-2.00,0.11
72.50,2.00,-0.72,-1.00,-2.00,0.00
72.60,2.00,1.00,-1.00,-2.00,0.06
72.70,2.00,-1.50,-1.00,-2.00,-0.04
72.80,2.00,1.00,-1.00,-2.00,0.09
72.90,2.00,-1.57,-1.00,-2.00,-0.02
73.00,2.00,1.00,-1.00,-2.00,0.11
73.10,2.00,-1.57,-1.00,-2.00,-0.00
73.20,2.00,1.00,-1.00,-2.00,0.13
73.30,2.00,-1.57,-1.00,-2.00,0.01
73.40,2.00,1.00,-1.00,-2.00,0.11
73.50,0.00,-1.57,-1.00,-2.00,-0.74
73.60,0.00,-1.57,-1.00,-2.00,-0.90
73.70,0.00,-1.57,-1.00,-2.00,-1.06
73.80,0.00,-1.57,-1.00,-2.00,-1.22
73.90,0.00,-1.57,-1.00,-2.00,-1.37
74.00,0.00,-1.57,-1.00,-2.00,-1.53
74.10,0.00,-1.57,-1.00,-2.00,-1.69
74.20,0.00,-1.57,-1.00,-2.00,-1.84
74.30,0.00,-1.57,-1.00,-2.00,-2.00
74.40,0.00,-1.57,-1.00,-2.00,-2.16
74.50,0.00,-1.57,-1.00,-2.00,-2.31
74.60,0.00,-1.57,-1.00,-2.00,-2.47
74.70,0.00,-1.57,-1.00,-2.00,-2.63
74.80,0.00,-1.57,-1.00,-2.00,-2.79
74.90,0.00,-1.57,-1.00,-2.00,-2.94
75.00,0.00,-1.57,-1.00,-2.00,-3.10
75.10,0.00,1.00,-1.00,-2.00,3.03
75.20,0.00,1.00,-1.00,-2.00,3.13
75.30,0.00,-1.57,-1.00,-2.00,-3.06
75.40,0.00,1.00,-1.00,-2.00,3.07
75.50,0.00,-1.57,-1.00,-2.00,-3.11
75.60,0.00,1.00,-1.00,-2.00,3.01
75.70,0.00,1.00,-1.00,-2.00,3.11
75.80,0.00,-1.57,-1.00,-2.00,-3.07
75.90,0.00,1.00,-1.00,-2.00,3.05
76.00,0.00,-1.57,-1.00,-2.00,-3.13
76.10,0.00,1.00,-1.00,-2.00,3.00
76.20,0.00,1.00,-1.00,-2.00,3.10
76.30,0.00,-1.57,-1.00,-2.00,-3.09
76.40,0.00,1.00,-1.00,-2.00,3.04
76.50,0.00,1.00,-1.00,-2.00,3.14
76.60,0.00,-1.57,-1.00,-2.00,-3.04
76.70,0.00,1.00,-1.00,-2.00,3.08
76.80,0.00,-1.57,-1.00,-2.00,-3.10
76.90,0.00,1.00,-1.00,-2.00,3.03
77.00,0.00,1.00,-1.00,-2.00,3.13
77.10,0.00,-1.57,-1.00,-2.00,-3.06
77.20,0.00,1.00,-1.00,-2.00,3.07
77.30,0.00,-1.57,-1.00,-2.00,-3.11
77.40,0.00,1.00,-1.00,-2.00,3.01
77.50,0.00,1.00,-1.00,-2.00,3.11
77.60,0.00,-1.57,-1.00,-2.00,-3.07
77.70,0.00,1.00,-1.00,-2.00,3.05
77.80,0.00,-1.57,-1.00,-2.00,-3.13
77.90,0.00,1.00,-1.00,-2.00,3.00
78.00,0.00,1.00,-1.00,-2.00,3.10
78.10,0.00,-1.57,-1.00,-2.00,-3.09
78.20,0.00,1.00,-1.00,-2.00,3.04
78.30,0.00,1.00,-1.00,-2.00,3.14
78.40,0.00,-1.57,-1.00,-2.00,-3.04
78.50,0.00,1.00,-1.00,-2.00,3.08
78.60,0.00,-1.57,-1.00,-2.00,-3.10
78.70,0.00,1.00,-1.00,-2.00,3.03
78.80,0.00,1.00,-1.00,-2.00,3.13
78.90,0.00,-1.57,-1.00,-2.00,-3.06
79.00,0.00,1.00,-1.00,-2.00,3.07
79.10,0.00,-1.57,-1.00,-2.00,-3.11
79.20,0.00,1.00,-1.00,-2.00,3.01
79.30,0.00,1.00,-1.00,-2.00,3.11
79.40,0.00,-1.57,-1.00,-2.00,-3.07
79.50,0.00,1.00,-1.00,-2.00,3.06
79.60,0.00,-1.57,-1.00,-2.00,-3.13
79.70,0.00,1.00,-1.00,-2.00,3.00
79.80,0.00,1.00,-1.00,-2.00,3.10
79.90,0.00,-1.57,-1.00,-2.00,-3.08
80.00,0.00,1.00,-1.00,-2.00,3.04
80.10,0.00,1.00,-1.00,-2.00,3.14
80.20,0.00,-1.57,-1.00,-2.00,-3.04
80.30,0.00,1.00,-1.00,-2.00,3.08
80.40,0.00,-1.57,-1.00,-2.00,-3.10
80.50,0.00,1.00,-1.00,-2.00,3.03
80.60,0.00,1.00,-1.00,-2.00,3.13
80.70,0.00,-1.57,-1.00,-2.00,-3.06
80.80,0.00,1.00,-1.00,-2.00,3.07
80.90,0.00,-1.57,-1.00,-2.00,-3.11
81.00,0.00,1.00,-1.00,-2.00,3.01
81.10,0.00,1.00,-1.00,-2.00,3.11
81.20,0.00,-1.57,-1.00,-2.00,-3.07
81.30,0.00,1.00,-1.00,-2.00,3.06
81.40,0.00,-1.57,-1.00,-2.00,-3.13
81.50,0.00,1.00,-1.00,-2.00,3.00
81.60,0.00,1.00,-1.00,-2.00,3.10
81.70,0.00,-1.57,-1.00,-2.00,-3.08
81.80,0.00,1.00,-1.00,-2.00,3.04
81.90,0.00,-1.57,-1.00,-2.00,-3.14
82.00,0.00,1.00,-1.00,-2.00,2.98
82.10,0.00,1.00,-1.00,-2.00,3.08
82.20,0.00,-1.57,-1.00,-2.00,-3.10
82.30,0.00,1.00,-1.00,-2.00,3.03
82.40,0.00,1.00,-1.00,-2.00,3.13
82.50,0.00,-1.57,-1.00,-2.00,-3.06
82.60,0.00,1.00,-1.00,-2.00,3.07
82.70,0.00,-1.57,-1.00,-2.00,-3.11
82.80,0.00,1.00,-1.00,-2.00,3.01
82.90,0.00,1.00,-1.00,-2.00,3.11
83.00,0.00,-1.57,-1.00,-2.00,-3.07
83.10,0.00,1.00,-1.00,-2.00,3.06
83.20,0.00,-1.57,-1.00,-2.00,-3.13
83.30,0.00,1.00,-1.00,-2.00,3.00
83.40,0.00,1.00,-1.00,-2.00,3.10
83.50,0.00,-1.57,-1.00,-2.00,-3.08
83.60,0.00,1.00,-1.00,-2.00,3.04
83.70,0.00,-1.57,-1.00,-2.00,-3.14
83.80,0.00,1.00,-1.00,-2.00,2.99
83.90,0.00,1.00,-1.00,-2.00,3.09
84.00,0.00,-1.57,-1.00,-2.00,-3.10
84.10,0.00,1.00,-1.00,-2.00,3.03
84.20,0.00,1.00,-1.00,-2.00,3.13
84.30,0.00,-1.57,-1.00,-2.00,-3.06
84.40,0.00,1.00,-1.00,-2.00,3.07
84.50,0.00,-1.57,-1.00,-2.00,-3.11
84.60,0.00,1.00,-1.00,-2.00,3.01
84.70,0.00,1.00,-1.00,-2.00,3.11
84.80,0.00,-1.57,-1.00,-2.00,-3.07
84.90,0.00,1.00,-1.00,-2.00,3.06
85.00,0.00,-1.57,-1.00,-2.00,-3.13
85.10,0.00,1.00,-1.00,-2.00,3.00
85.20,0.00,1.00,-1.00,-2.00,3.10
85.30,0.00,-1.57,-1.00,-2.00,-3.08
85.40,0.00,1.00,-1.00,-2.00,3.04
85.50,0.00,-1.57,-1.00,-2.00,-3.14
85.60,0.00,1.00,-1.00,-2.00,2.99
85.70,0.00,1.00,-1.00,-2.00,3.09
85.80,0.00,-1.57,-1.00,-2.00,-3.10
85.90,0.00,1.00,-1.00,-2.00,3.03
86.00,0.00,1.00,-1.00,-2.00,3.13
86.10,0.00,-1.57,-1.00,-2.00,-3.05
86.20,0.00,1.00,-1.00,-2.00,3.07
86.30,0.00,-1.57,-1.00,-2.00,-3.11
86.40,0.00,1.00,-1.00,-2.00,3.01
86.50,0.00,1.00,-1.00,-2.00,3.11
86.60,0.00,-1.57,-1.00,-2.00,-3.07
86.70,0.00,1.00,-1.00,-2.00,3.06
86.80,0.00,-1.57,-1.00,-2.00,-3.13
86.90,0.00,1.00,-1.00,-2.00,3.00
87.00,0.00,1.00,-1.00,-2.00,3.10
87.10,0.00,-1.57,-1.00,-2.00,-3.08
87.20,0.00,1.00,-1.00,-2.00,3.04
87.30,0.00,-1.57,-1.00,-2.00,-3.14
87.40,0.00,1.00,-1.00,-2.00,2.99
87.50,0.00,1.00,-1.00,-2.00,3.09
87.60,0.00,-1.57,-1.00,-2.00,-3.10
87.70,0.00,1.00,-1.00,-2.00,3.03
87.80,0.00,1.00,-1.00,-2.00,3.13
87.90,0.00,-1.57,-1.00,-2.00,-3.05
88.00,0.00,1.00,-1.00,-2.00,3.07
88.10,0.00,-1.57,-1.00,-2.00,-3.11
88.20,0.00,1.00,-1.00,-2.00,3.01
88.30,0.00,1.00,-1.00,-2.00,3.11
88.40,0.00,-1.57,-1.00,-2.00,-3.07
88.50,0.00,1.00,-1.00,-2.00,3.06
88.60,0.00,-1.57,-1.00,-2.00,-3.13
88.70,0.00,1.00,-1.00,-2.00,3.00
88.80,0.00,1.00,-1.00,-2.00,3.10
88.90,0.00,-1.57,-1.00,-2.00,-3.08
89.00,0.00,1.00,-1.00,-2.00,3.04
89.10,0.00,-1.57,-1.00,-2.00,-3.14
89.20,0.00,1.00,-1.00,-2.00,2.99
89.30,0.00,1.00,-1.00,-2.00,3.09
89.40,0.00,-1.57,-1.00,-2.00,-3.10
89.50,0.00,1.00,-1.00,-2.00,3.03
89.60,0.00,1.00,-1.00,-2.00,3.13
89.70,0.00,-1.57,-1.00,-2.00,-3.05
89.80,0.00,1.00,-1.00,-2.00,3.07
89.90,0.00,-1.57,-1.00,-2.00,-3.11
90.00,0.00,1.00,-1.00,-2.00,3.02
90.10,0.00,1.00,-1.00,-2.00,3.12
90.20,0.00,-1.57,-1.00,-2.00,-3.07
90.30,0.00,1.00,-1.00,-2.00,3.06
90.40,0.00,-1.57,-1.00,-2.00,-3.13
90.50,0.00,1.00,-1.00,-2.00,3.00
90.60,0.00,1.00,-1.00,-2.00,3.10
90.70,0.00,-1.57,-1.00,-2.00,-3.08
90.80,0.00,1.00,-1.00,-2.00,3.04
90.90,0.00,-1.57,-1.00,-2.00,-3.14
91.00,0.00,1.00,-1.00,-2.00,2.99
91.10,0.00,1.00,-1.00,-2.00,3.09
91.20,0.00,-1.57,-1.00,-2.00,-3.10
91.30,0.00,1.00,-1.00,-2.00,3.03
91.40,0.00,1.00,-1.00,-2.00,3.13
91.50,0.00,-1.57,-1.00,-2.00,-3.05
91.60,0.00,1.00,-1.00,-2.00,3.07
91.70,0.00,-1.57,-1.00,-2.00,-3.11
91.80,0.00,1.00,-1.00,-2.00,3.02
91.90,0.00,1.00,-1.00,-2.00,3.12
92.00,0.00,-1.57,-1.00,-2.00,-3.07
92.10,0.00,1.00,-1.00,-2.00,3.06
92.20,0.00,-1.57,-1.00,-2.00,-3.12
92.30,0.00,1.00,-1.00,-2.00,3.00
92.40,0.00,1.00,-1.00,-2.00,3.10
92.50,0.00,-1.57,-1.00,-2.00,-3.08
92.60,0.00,1.00,-1.00,-2.00,3.04
92.70,0.00,-1.57,-1.00,-2.00,-3.14
92.80,0.00,1.00,-1.00,-2.00,2.99
92.90,0.00,1.00,-1.00,-2.00,3.09
93.00,0.00,-1.57,-1.00,-2.00,-3.10
93.10,0.00,1.00,-1.00,-2.00,3.03
93.20,0.00,1.00,-1.00,-2.00,3.13
93.30,0.00,-1.57,-1.00,-2.00,-3.05
93.40,0.00,1.00,-1.00,-2.00,3.07
93.50,0.00,-1.57,-1.00,-2.00,-3.11
93.60,0.00,1.00,-1.00,-2.00,3.02
93.70,0.00,1.00,-1.00,-2.00,3.12
93.80,0.00,-1.57,-1.00,-2.00,-3.07
93.90,0.00,1.00,-1.00,-2.00,3.06
94.00,0.00,-1.57,-1.00,-2.00,-3.12
94.10,0.00,1.00,-1.00,-2.00,3.00
94.20,0.00,1.00,-1.00,-2.00,3.10
94.30,0.00,-1.57,-1.00,-2.00,-3.08
94.40,0.00,1.00,-1.00,-2.00,3.04
94.50,0.00,-1.57,-1.00,-2.00,-3.14
94.60,0.00,1.00,-1.00,-2.00,2.99
94.70,0.00,1.00,-1.00,-2.00,3.09
94.80,0.00,-1.57,-1.00,-2.00,-3.10
94.90,0.00,1.00,-1.00,-2.00,3.03
95.00,0.00,1.00,-1.00,-2.00,3.13
95.10,0.00,-1.57,-1.00,-2.00,-3.05
95.20,0.00,1.00,-1.00,-2.00,3.07
95.30,0.00,-1.57,-1.00,-2.00,-3.11
95.40,0.00,1.00,-1.00,-2.00,3.02
95.50,0.00,1.00,-1.00,-2.00,3.12
95.60,0.00,-1.57,-1.00,-2.00,-3.07
95.70,0.00,1.00,-1.00,-2.00,3.06
95.80,0.00,-1.57,-1.00,-2.00,-3.12
95.90,0.00,1.00,-1.00,-2.00,3.00
96.00,0.00,1.00,-1.00,-2.00,3.10
96.10,0.00,-1.57,-1.00,-2.00,-3.08
96.20,0.00,1.00,-1.00,-2.00,3.05
96.30,0.00,-1.57,-1.00,-2.00,-3.14
96.40,0.00,1.00,-1.00,-2.00,2.99
96.50,0.00,1.00,-1.00,-2.00,3.09
96.60,0.00,-1.57,-1.00,-2.00,-3.10
96.70,0.00,1.00,-1.00,-2.00,3.03
96.80,0.00,1.00,-1.00,-2.00,3.13
96.90,0.00,-1.57,-1.00,-2.00,-3.05
97.00,0.00,1.00,-1.00,-2.00,3.07
97.10,0.00,-1.57,-1.00,-2.00,-3.11
97.20,0.00,1.00,-1.00,-2.00,3.02
97.30,0.00,1.00,-1.00,-2.00,3.12
97.40,0.00,-1.57,-1.00,-2.00,-3.07
97.50,0.00,1.00,-1.00,-2.00,3.06
97.60,0.00,-1.57,-1.00,-2.00,-3.12
97.70,0.00,1.00,-1.00,-2.00,3.00
97.80,0.00,1.00,-1.00,-2.00,3.10
97.90,0.00,-1.57,-1.00,-2.00,-3.08
98.00,0.00,1.00,-1.00,-2.00,3.05
98.10,0.00,-1.57,-1.00,-2.00,-3.14
98.20,0.00,1.00,-1.00,-2.00,2.99
98.30,0.00,1.00,-1.00,-2.00,3.09
98.40,0.00,-1.57,-1.00,-2.00,-3.09
98.50,0.00,1.00,-1.00,-2.00,3.03
98.60,0.00,1.00,-1.00,-2.00,3.13
98.70,0.00,-1.57,-1.00,-2.00,-3.05
98.80,0.00,1.00,-1.00,-2.00,3.07
98.90,0.00,-1.57,-1.00,-2.00,-3.11
99.00,0.00,1.00,-1.00,-2.00,3.02
99.10,0.00,1.00,-1.00,-2.00,3.12
99.20,0.00,-1.57,-1.00,-2.00,-3.07
99.30,0.00,1.00,-1.00,-2.00,3.06
99.40,0.00,-1.57,-1.00,-2.00,-3.12
99.50,0.00,1.00,-1.00,-2.00,3.00
99.60,0.00,1.00,-1.00,-2.00,3.10
99.70,0.00,-1.57,-1.00,-2.00,-3.08
99.80,0.00,1.00,-1.00,-2.00,3.05
99.90,0.00,-1.57,-1.00,-2.00,-3.14
100.00,0.00,1.00,-1.00,-2.00,2.99
100.10,0.00,1.00,-1.00,-2.00,3.09
100.20,0.00,-1.57,-1.00,-2.00,-3.09
100.30,0.00,1.00,-1.00,-2.00,3.03
100.40,0.00,1.00,-1.00,-2.00,3.13
100.50,0.00,-1.57,-1.00,-2.00,-3.05
100.60,0.00,1.00,-1.00,-2.00,3.07
100.70,0.00,-1.57,-1.00,-2.00,-3.11
100.80,0.00,1.00,-1.00,-2.00,3.02
100.90,0.00,1.00,-1.00,-2.00,3.12
101.00,0.00,-1.57,-1.00,-2.00,-3.07
101.10,0.00,1.00,-1.00,-2.00,3.06
101.20,0.00,-1.57,-1.00,-2.00,-3.12
101.30,0.00,1.00,-1.00,-2.00,3.00
101.40,0.00,1.00,-1.00,-2.00,3.10
101.50,0.00,-1.57,-1.00,-2.00,-3.08
101.60,0.00,1.00,-1.00,-2.00,3.05
101.70,0.00,-1.57,-1.00,-2.00,-3.14
101.80,0.00,1.00,-1.00,-2.00,2.99
101.90,0.00,1.00,-1.00,-2.00,3.09
102.00,0.00,-1.57,-1.00,-2.00,-3.09
102.10,0.00,1.00,-1.00,-2.00,3.03
102.20,0.00,1.00,-1.00,-2.00,3.13
102.30,0.00,-1.57,-1.00,-2.00,-3.05
102.40,0.00,1.00,-1.00,-2.00,3.08
102.50,0.00,-1.57,-1.00,-2.00,-3.11
102.60,0.00,1.00,-1.00,-2.00,3.02
102.70,0.00,1.00,-1.00,-2.00,3.12
102.80,0.00,-1.57,-1.00,-2.00,-3.06
102.90,0.00,1.00,-1.00,-2.00,3.06
103.00,0.00,-1.57,-1.00,-2.00,-3.12
103.10,0.00,1.00,-1.00,-2.00,3.00
103.20,0.00,1.00,-1.00,-2.00,3.10
103.30,0.00,-1.57,-1.00,-2.00,-3.08
103.40,0.00,1.00,-1.00,-2.00,3.05
103.50,0.00,-1.57,-1.00,-2.00,-3.14
103.60,0.00,1.00,-1.00,-2.00,2.99
103.70,0.00,1.00,-1.00,-2.00,3.09
103.80,0.00,-1.57,-1.00,-2.00,-3.09
103.90,0.00,1.00,-1.00,-2.00,3.03
104.00,0.00,1.00,-1.00,-2.00,3.13
104.10,0.00,-1.57,-1.00,-2.00,-3.05
104.20,0.00,1.00,-1.00,-2.00,3.08
104.30,0.00,-1.57,-1.00,-2.00,-3.11
104.40,0.00,1.00,-1.00,-2.00,3.02
104.50,0.00,1.00,-1.00,-2.00,3.12
104.60,0.00,-1.57,-1.00,-2.00,-3.06
104.70,0.00,1.00,-1.00,-2.00,3.06
104.80,0.00,-1.57,-1.00,-2.00,-3.12
104.90,0.00,1.00,-1.00,-2.00,3.00
105.00,0.00,1.00,-1.00,-2.00,3.10
105.10,0.00,-1.57,-1.00,-2.00,-3.08
105.20,0.00,1.00,-1.00,-2.00,3.05
105.30,0.00,-1.57,-1.00,-2.00,-3.14
105.40,0.00,1.00,-1.00,-2.00,2.99
105.50,0.00,1.00,-1.00,-2.00,3.09
105.60,0.00,-1.57,-1.00,-2.00,-3.09
105.70,0.00,1.00,-1.00,-2.00,3.03
105.80,0.00,1.00,-1.00,-2.00,3.13
105.90,0.00,-1.57,-1.00,-2.00,-3.05
106.00,0.00,1.00,-1.00,-2.00,3.08
106.10,0.00,-1.57,-1.00,-2.00,-3.11
106.20,0.00,1.00,-1.00,-2.00,3.02
106.30,0.00,1.00,-1.00,-2.00,3.12
106.40,0.00,-1.57,-1.00,-2.00,-3.06
106.50,0.00,1.00,-1.00,-2.00,3.06
106.60,0.00,-1.57,-1.00,-2.00,-3.12
106.70,0.00,1.00,-1.00,-2.00,3.00
106.80,0.00,1.00,-1.00,-2.00,3.10
106.90,0.00,-1.57,-1.00,-2.00,-3.08
107.00,0.00,1.00,-1.00,-2.00,3.05
107.10,0.00,-1.57,-1.00,-2.00,-3.14
107.20,0.00,1.00,-1.00,-2.00,2.99
107.30,0.00,1.00,-1.00,-2.00,3.09
107.40,0.00,-1.57,-1.00,-2.00,-3.09
107.50,0.00,1.00,-1.00,-2.00,3.03
107.60,0.00,1.00,-1.00,-2.00,3.13
107.70,0.00,-1.57,-1.00,-2.00,-3.05
107.80,0.00,1.00,-1.00,-2.00,3.08
107.90,0.00,-1.57,-1.00,-2.00,-3.11
108.00,0.00,1.00,-1.00,-2.00,3.02
108.10,0.00,1.00,-1.00,-2.00,3.12
108.20,0.00,-1.57,-1.00,-2.00,-3.06
108.30,0.00,1.00,-1.00,-2.00,3.06
108.40,0.00,-1.57,-1.00,-2.00,-3.12
108.50,0.00,1.00,-1.00,-2.00,3.01
108.60,0.00,1.00,-1.00,-2.00,3.11
108.70,0.00,-1.57,-1.00,-2.00,-3.08
108.80,0.00,1.00,-1.00,-2.00,3.05
108.90,0.00,-1.57,-1.00,-2.00,-3.13
109.00,0.00,1.00,-1.00,-2.00,2.99
109.10,0.00,1.00,-1.00,-2.00,3.09
109.20,0.00,-1.57,-1.00,-2.00,-3.09
109.30,0.00,1.00,-1.00,-2.00,3.03
109.40,0.00,1.00,-1.00,-2.00,3.13
109.50,0.00,-1.57,-1.00,-2.00,-3.05
109.60,0.00,1.00,-1.00,-2.00,3.08
109.70,0.00,-1.57,-1.00,-2.00,-3.11
109.80,0.00,1.00,-1.00,-2.00,3.02
109.90,0.00,1.00,-1.00,-2.00,3.12
110.00,0.00,-1.57,-1.00,-2.00,-3.06
110.10,0.00,1.00,-1.00,-2.00,3.06
110.20,0.00,-1.57,-1.00,-2.00,-3.12
110.30,0.00,1.00,-1.00,-2.00,3.01
110.40,0.00,1.00,-1.00,-2.00,3.11
110.50,0.00,-1.57,-1.00,-2.00,-3.08
110.60,0.00,1.00,-1.00,-2.00,3.05
110.70,0.00,-1.57,-1.00,-2.00,-3.13
110.80,0.00,1.00,-1.00,-2.00,2.99
110.90,0.00,1.00,-1.00,-2.00,3.09
111.00,0.00,-1.57,-1.00,-2.00,-3.09
111.10,0.00,1.00,-1.00,-2.00,3.03
111.20,0.00,1.00,-1.00,-2.00,3.13
111.30,0.00,-1.57,-1.00,-2.00,-3.05
111.40,0.00,1.00,-1.00,-2.00,3.08
111.50,0.00,-1.57,-1.00,-2.00,-3.11
111.60,0.00,1.00,-1.00,-2.00,3.02
111.70,0.00,1.00,-1.00,-2.00,3.12
111.80,0.00,-1.57,-1.00,-2.00,-3.06
111.90,0.00,1.00,-1.00,-2.00,3.06
112.00,0.00,-1.57,-1.00,-2.00,-3.12
112.10,0.00,1.00,-1.00,-2.00,3.01
112.20,0.00,1.00,-1.00,-2.00,3.11
112.30,0.00,-1.57,-1.00,-2.00,-3.08
112.40,0.00,1.00,-1.00,-2.00,3.05
112.50,0.00,-1.57,-1.00,-2.00,-3.13
112.60,0.00,1.00,-1.00,-2.00,2.99
112.70,0.00,1.00,-1.00,-2.00,3.09
112.80,0.00,-1.57,-1.00,-2.00,-3.09
112.90,0.00,1.00,-1.00,-2.00,3.04
113.00,0.00,1.00,-1.00,-2.00,3.14
113.10,0.00,-1.57,-1.00,-2.00,-3.05
113.20,0.00,1.00,-1.00,-2.00,3.08
113.30,0.00,-1.57,-1.00,-2.00,-3.11
113.40,0.00,1.00,-1.00,-2.00,3.02
113.50,0.00,1.00,-1.00,-2.00,3.12
113.60,0.00,-1.57,-1.00,-2.00,-3.06
113.70,0.00,1.00,-1.00,-2.00,3.06
113.80,0.00,-1.57,-1.00,-2.00,-3.12
113.90,0.00,1.00,-1.00,-2.00,3.01
114.00,0.00,1.00,-1.00,-2.00,3.11
114.10,0.00,-1.57,-1.00,-2.00,-3.08
114.20,0.00,1.00,-1.00,-2.00,3.05
114.30,0.00,-1.57,-1.00,-2.00,-3.13
114.40,0.00,1.00,-1.00,-2.00,2.99
114.50,0.00,1.00,-1.00,-2.00,3.09
114.60,0.00,-1.57,-1.00,-2.00,-3.09
114.70,0.00,1.00,-1.00,-2.00,3.04
114.80,0.00,1.00,-1.00,-2.00,3.14
114.90,0.00,-1.57,-1.00,-2.00,-3.05
115.00,0.00,1.00,-1.00,-2.00,3.08
115.10,0.00,-1.57,-1.00,-2.00,-3.10
115.20,0.00,1.00,-1.00,-2.00,3.02
115.30,0.00,1.00,-1.00,-2.00,3.12
115.40,0.00,-1.57,-1.00,-2.00,-3.06
115.50,0.00,1.00,-1.00,-2.00,3.06
115.60,0.00,-1.57,-1.00,-2.00,-3.12
115.70,0.00,1.00,-1.00,-2.00,3.01
115.80,0.00,1.00,-1.00,-2.00,3.11
115.90,0.00,-1.57,-1.00,-2.00,-3.08
116.00,0.00,1.00,-1.00,-2.00,3.05
116.10,0.00,-1.57,-1.00,-2.00,-3.13
116.20,0.00,1.00,-1.00,-2.00,2.99
116.30,0.00,1.00,-1.00,-2.00,3.09
116.40,0.00,-1.57,-1.00,-2.00,-3.09
116.50,0.00,1.00,-1.00,-2.00,3.04
116.60,0.00,1.00,-1.00,-2.00,3.14
116.70,0.00,-1.57,-1.00,-2.00,-3.05
116.80,0.00,1.00,-1.00,-2.00,3.08
116.90,0.00,-1.57,-1.00,-2.00,-3.10
117.00,0.00,1.00,-1.00,-2.00,3.02
117.10,0.00,1.00,-1.00,-2.00,3.12
117.20,0.00,-1.57,-1.00,-2.00,-3.06
117.30,0.00,1.00,-1.00,-2.00,3.06
117.40,0.00,-1.57,-1.00,-2.00,-3.12
117.50,0.00,1.00,-1.00,-2.00,3.01
117.60,0.00,1.00,-1.00,-2.00,3.11
117.70,0.00,-1.57,-1.00,-2.00,-3.08
117.80,0.00,1.00,-1.00,-2.00,3.05
117.90,0.00,-1.57,-1.00,-2.00,-3.13
118.00,0.00,1.00,-1.00,-2.00,2.99
118.10,0.00,1.00,-1.00,-2.00,3.09
118.20,0.00,-1.57,-1.00,-2.00,-3.09
118.30,0.00,1.00,-1.00,-2.00,3.04
118.40,0.00,1.00,-1.00,-2.00,3.14
118.50,0.00,-1.57,-1.00,-2.00,-3.05
118.60,0.00,1.00,-1.00,-2.00,3.08
118.70,0.00,-1.57,-1.00,-2.00,-3.10
118.80,0.00,1.00,-1.00,-2.00,3.02
118.90,0.00,1.00,-1.00,-2.00,3.12
119.00,0.00,-1.57,-1.00,-2.00,-3.06
119.10,0.00,1.00,-1.00,-2.00,3.07
119.20,0.00,-1.57,-1.00,-2.00,-3.12
119.30,0.00,1.00,-1.00,-2.00,3.01
119.40,0.00,1.00,-1.00,-2.00,3.11
119.50,0.00,-1.57,-1.00,-2.00,-3.08
119.60,0.00,1.00,-1.00,-2.00,3.05
119.70,0.00,-1.57,-1.00,-2.00,-3.13
119.80,0.00,1.00,-1.00,-2.00,2.99
119.90,0.00,1.00,-1.00,-2.00,3.09
120.00,0.00,-1.57,-1.00,-2.00,-3.09
120.10,0.00,1.00,-1.00,-2.00,3.04
120.20,0.00,1.00,-1.00,-2.00,3.14
120.30,0.00,-1.57,-1.00,-2.00,-3.05
120.40,0.00,1.00,-1.00,-2.00,3.08
120.50,0.00,-1.57,-1.00,-2.00,-3.10
120.60,0.00,1.00,-1.00,-2.00,3.02
120.70,0.00,1.00,-1.00,-2.00,3.12
120.80,0.00,-1.57,-1.00,-2.00,-3.06
120.90,0.00,1.00,-1.00,-2.00,3.07
121.00,0.00,-1.57,-1.00,-2.00,-3.12
121.10,0.00,1.00,-1.00,-2.00,3.01
121.20,0.00,1.00,-1.00,-2.00,3.11
121.30,0.00,-1.57,-1.00,-2.00,-3.07
121.40,0.00,1.00,-1.00,-2.00,3.05
121.50,0.00,-1.57,-1.00,-2.00,-3.13
121.60,0.00,1.00,-1.00,-2.00,2.99
121.70,0.00,1.00,-1.00,-2.00,3.09
121.80,0.00,-1.57,-1.00,-2.00,-3.09
121.90,0.00,1.00,-1.00,-2.00,3.04
122.00,0.00,1.00,-1.00,-2.00,3.14
122.10,0.00,-1.57,-1.00,-2.00,-3.05
122.20,0.00,1.00,-1.00,-2.00,3.08
122.30,0.00,-1.57,-1.00,-2.00,-3.10
122.40,0.00,1.00,-1.00,-2.00,3.02
122.50,0.00,1.00,-1.00,-2.00,3.12
122.60,0.00,-1.57,-1.00,-2.00,-3.06
122.70,0.00,1.00,-1.00,-2.00,3.07
122.80,0.00,-1.57,-1.00,-2.00,-3.12
122.90,0.00,1.00,-1.00,-2.00,3.01
123.00,0.00,1.00,-1.00,-2.00,3.11
123.10,0.00,-1.57,-1.00,-2.00,-3.07
123.20,0.00,1.00,-1.00,-2.00,3.05
123.30,0.00,-1.57,-1.00,-2.00,-3.13
123.40,0.00,1.00,-1.00,-2.00,2.99
123.50,0.00,1.00,-1.00,-2.00,3.09
123.60,0.00,-1.57,-1.00,-2.00,-3.09
123.70,0.00,1.00,-1.00,-2.00,3.04
123.80,0.00,1.00,-1.00,-2.00,3.14
123.90,0.00,-1.57,-1.00,-2.00,-3.05
124.00,0.00,1.00,-1.00,-2.00,3.08
124.10,0.00,-1.57,-1.00,-2.00,-3.10
124.20,0.00,1.00,-1.00,-2.00,3.02
124.30,0.00,1.00,-1.00,-2.00,3.12
124.40,0.00,-1.57,-1.00,-2.00,-3.06
124.50,0.00,1.00,-1.00,-2.00,3.07
124.60,0.00,-1.57,-1.00,-2.00,-3.12
124.70,0.00,1.00,-1.00,-2.00,3.01
124.80,0.00,1.00,-1.00,-2.00,3.11
124.90,0.00,-1.57,-1.00,-2.00,-3.07
125.00,0.00,1.00,-1.00,-2.00,3.05
125.10,0.00,-1.57,-1.00,-2.00,-3.13
125.20,0.00,1.00,-1.00,-2.00,3.00
125.30,0.00,1.00,-1.00,-2.00,3.10
125.40,0.00,-1.57,-1.00,-2.00,-3.09
125.50,0.00,1.00,-1.00,-2.00,3.04
125.60,0.00,1.00,-1.00,-2.00,3.14
125.70,0.00,-1.57,-1.00,-2.00,-3.05
125.80,0.00,1.00,-1.00,-2.00,3.08
125.90,0.00,-1.57,-1.00,-2.00,-3.10
126.00,0.00,1.00,-1.00,-2.00,3.02
126.10,0.00,1.00,-1.00,-2.00,3.12
126.20,0.00,-1.57,-1.00,-2.00,-3.06
126.30,0.00,1.00,-1.00,-2.00,3.07
126.40,0.00,-1.57,-1.00,-2.00,-3.12
126.50,0.00,1.00,-1.00,-2.00,3.01
126.60,0.00,1.00,-1.00,-2.00,3.11
126.70,0.00,-1.57,-1.00,-2.00,-3.07
126.80,0.00,1.00,-1.00,-2.00,3.05
126.90,0.00,-1.57,-1.00,-2.00,-3.13
127.00,0.00,1.00,-1.00,-2.00,3.00
127.10,0.00,1.00,-1.00,-2.00,3.10
127.20,0.00,-1.57,-1.00,-2.00,-3.09
127.30,0.00,1.00,-1.00,-2.00,3.04
127.40,0.00,1.00,-1.00,-2.00,3.14
127.50,0.00,-1.57,-1.00,-2.00,-3.04
127.60,0.00,1.00,-1.00,-2.00,3.08
127.70,0.00,-1.57,-1.00,-2.00,-3.10
127.80,0.00,1.00,-1.00,-2.00,3.02
127.90,0.00,1.00,-1.00,-2.00,3.12
128.00,0.00,-1.57,-1.00,-2.00,-3.06
128.10,0.00,1.00,-1.00,-2.00,3.07
128.20,0.00,-1.57,-1.00,-2.00,-3.12
128.30,0.00,1.00,-1.00,-2.00,3.01
128.40,0.00,1.00,-1.00,-2.00,3.11
128.50,0.00,-1.57,-1.00,-2.00,-3.07
128.60,0.00,1.00,-1.00,-2.00,3.05
128.70,0.00,-1.57,-1.00,-2.00,-3.13
128.80,0.00,1.00,-1.00,-2.00,3.00
128.90,0.00,1.00,-1.00,-2.00,3.10
129.00,0.00,-1.57,-1.00,-2.00,-3.09
129.10,0.00,1.00,-1.00,-2.00,3.04
129.20,0.00,1.00,-1.00,-2.00,3.14
129.30,0.00,-1.57,-1.00,-2.00,-3.04
129.40,0.00,1.00,-1.00,-2.00,3.08
129.50,0.00,-1.57,-1.00,-2.00,-3.10
129.60,0.00,1.00,-1.00,-2.00,3.02
129.70,0.00,1.00,-1.00,-2.00,3.12
129.80,0.00,-1.57,-1.00,-2.00,-3.06
129.90,0.00,1.00,-1.00,-2.00,3.07
130.00,0.00,-1.57,-1.00,-2.00,-3.12
130.10,0.00,1.00,-1.00,-2.00,3.01
130.20,0.00,1.00,-1.00,-2.00,3.11
130.30,0.00,-1.57,-1.00,-2.00,-3.07
130.40,0.00,1.00,-1.00,-2.00,3.05
130.50,0.00,-1.57,-1.00,-2.00,-3.13
130.60,0.00,1.00,-1.00,-2.00,3.00
130.70,0.00,1.00,-1.00,-2.00,3.10
130.80,0.00,-1.57,-1.00,-2.00,-3.09
130.90,0.00,1.00,-1.00,-2.00,3.04
131.00,0.00,1.00,-1.00,-2.00,3.14
131.10,0.00,-1.57,-1.00,-2.00,-3.04
131.20,0.00,1.00,-1.00,-2.00,3.08
131.30,0.00,-1.57,-1.00,-2.00,-3.10
131.40,0.00,1.00,-1.00,-2.00,3.03
131.50,0.00,1.00,-1.00,-2.00,3.13
131.60,0.00,-1.57,-1.00,-2.00,-3.06
131.70,0.00,1.00,-1.00,-2.00,3.07
131.80,0.00,-1.57,-1.00,-2.00,-3.11
131.90,0.00,1.00,-1.00,-2.00,3.01
132.00,0.00,1.00,-1.00,-2.00,3.11
132.10,0.00,-1.57,-1.00,-2.00,-3.07
132.20,0.00,1.00,-1.00,-2.00,3.05
132.30,0.00,-1.57,-1.00,-2.00,-3.13
132.40,0.00,1.00,-1.00,-2.00,3.00
132.50,0.00,1.00,-1.00,-2.00,3.10
132.60,0.00,-1.57,-1.00,-2.00,-3.09
132.70,0.00,1.00,-1.00,-2.00,3.04
132.80,0.00,1.00,-1.00,-2.00,3.14
132.90,0.00,-1.57,-1.00,-2.00,-3.04
133.00,0.00,1.00,-1.00,-2.00,3.08
133.10,0.00,-1.57,-1.00,-2.00,-3.10
133.20,0.00,1.00,-1.00,-2.00,3.03
133.30,0.00,1.00,-1.00,-2.00,3.13
133.40,0.00,-1.57,-1.00,-2.00,-3.06
133.50,0.00,1.00,-1.00,-2.00,3.07
133.60,0.00,-1.57,-1.00,-2.00,-3.11
133.70,0.00,1.00,-1.00,-2.00,3.01
133.80,0.00,1.00,-1.00,-2.00,3.11
133.90,0.00,-1.57,-1.00,-2.00,-3.07
134.00,0.00,1.00,-1.00,-2.00,3.05
134.10,0.00,-1.57,-1.00,-2.00,-3.13
134.20,0.00,1.00,-1.00,-2.00,3.00
134.30,0.00,1.00,-1.00,-2.00,3.10
134.40,0.00,-1.57,-1.00,-2.00,-3.09
134.50,0.00,1.00,-1.00,-2.00,3.04
134.60,0.00,1.00,-1.00,-2.00,3.14
134.70,0.00,-1.57,-1.00,-2.00,-3.04
134.80,0.00,1.00,-1.00,-2.00,3.08
134.90,0.00,-1.57,-1.00,-2.00,-3.10
135.00,0.00,1.00,-1.00,-2.00,3.03
135.10,0.00,1.00,-1.00,-2.00,3.13
135.20,0.00,-1.57,-1.00,-2.00,-3.06
135.30,0.00,1.00,-1.00,-2.00,3.07
135.40,0.00,-1.57,-1.00,-2.00,-3.11
135.50,0.00,1.00,-1.00,-2.00,3.01
135.60,0.00,1.00,-1.00,-2.00,3.11
135.70,0.00,-1.57,-1.00,-2.00,-3.07
135.80,0.00,1.00,-1.00,-2.00,3.05
135.90,0.00,-1.57,-1.00,-2.00,-3.13
136.00,0.00,1.00,-1.00,-2.00,3.00
136.10,0.00,1.00,-1.00,-2.00,3.10
136.20,0.00,-1.57,-1.00,-2.00,-3.09
136.30,0.00,1.00,-1.00,-2.00,3.04
136.40,0.00,1.00,-1.00,-2.00,3.14
136.50,0.00,-1.57,-1.00,-2.00,-3.04
136.60,0.00,1.00,-1.00,-2.00,3.08
136.70,0.00,-1.57,-1.00,-2.00,-3.10
136.80,0.00,1.00,-1.00,-2.00,3.03
136.90,0.00,1.00,-1.00,-2.00,3.13
137.00,0.00,-1.57,-1.00,-2.00,-3.06
137.10,0.00,1.00,-1.00,-2.00,3.07
137.20,0.00,-1.57,-1.00,-2.00,-3.11
137.30,0.00,1.00,-1.00,-2.00,3.01
137.40,0.00,1.00,-1.00,-2.00,3.11
137.50,0.00,-1.57,-1.00,-2.00,-3.07
137.60,0.00,1.00,-1.00,-2.00,3.06
137.70,0.00,-1.57,-1.00,-2.00,-3.13
137.80,0.00,1.00,-1.00,-2.00,3.00
137.90,0.00,1.00,-1.00,-2.00,3.10
138.00,0.00,-1.57,-1.00,-2.00,-3.08
138.10,0.00,1.00,-1.00,-2.00,3.04
138.20,0.00,1.00,-1.00,-2.00,3.14
138.30,0.00,-1.57,-1.00,-2.00,-3.04
138.40,0.00,1.00,-1.00,-2.00,3.08
138.50,0.00,-1.57,-1.00,-2.00,-3.10
138.60,0.00,1.00,-1.00,-2.00,3.03
138.70,0.00,1.00,-1.00,-2.00,3.13
138.80,0.00,-1.57,-1.00,-2.00,-3.06
138.90,0.00,1.00,-1.00,-2.00,3.07
139.00,0.00,-1.57,-1.00,-2.00,-3.11
139.10,0.00,1.00,-1.00,-2.00,3.01
139.20,0.00,1.00,-1.00,-2.00,3.11
139.30,0.00,-1.57,-1.00,-2.00,-3.07
139.40,0.00,1.00,-1.00,-2.00,3.06
139.50,0.00,-1.57,-1.00,-2.00,-3.13
139.60,0.00,1.00,-1.00,-2.00,3.00
139.70,0.00,1.00,-1.00,-2.00,3.10
139.80,0.00,-1.57,-1.00,-2.00,-3.08
139.90,0.00,1.00,-1.00,-2.00,3.04
140.00,0.00,-1.57,-1.00,-2.00,-3.14
140.10,0.00,1.00,-1.00,-2.00,2.98
140.20,0.00,1.00,-1.00,-2.00,3.08
140.30,0.00,-1.57,-1.00,-2.00,-3.10
140.40,0.00,1.00,-1.00,-2.00,3.03
140.50,0.00,1.00,-1.00,-2.00,3.13
140.60,0.00,-1.57,-1.00,-2.00,-3.06
140.70,0.00,1.00,-1.00,-2.00,3.07
140.80,0.00,-1.57,-1.00,-2.00,-3.11
140.90,0.00,1.00,-1.00,-2.00,3.01
141.00,0.00,1.00,-1.00,-2.00,3.11
141.10,0.00,-1.57,-1.00,-2.00,-3.07
141.20,0.00,1.00,-1.00,-2.00,3.06
141.30,0.00,-1.57,-1.00,-2.00,-3.13
141.40,0.00,1.00,-1.00,-2.00,3.00
141.50,0.00,1.00,-1.00,-2.00,3.10
141.60,0.00,-1.57,-1.00,-2.00,-3.08
141.70,0.00,1.00,-1.00,-2.00,3.04
141.80,0.00,-1.57,-1.00,-2.00,-3.14
141.90,0.00,1.00,-1.00,-2.00,2.99
142.00,0.00,1.00,-1.00,-2.00,3.09
142.10,0.00,-1.57,-1.00,-2.00,-3.10
142.20,0.00,1.00,-1.00,-2.00,3.03
142.30,0.00,1.00,-1.00,-2.00,3.13
142.40,0.00,-1.57,-1.00,-2.00,-3.06
142.50,0.00,1.00,-1.00,-2.00,3.07
142.60,0.00,-1.57,-1.00,-2.00,-3.11
142.70,0.00,1.00,-1.00,-2.00,3.01
142.80,0.00,1.00,-1.00,-2.00,3.11
142.90,0.00,-1.57,-1.00,-2.00,-3.07
143.00,0.00,1.00,-1.00,-2.00,3.06
143.10,0.00,-1.57,-1.00,-2.00,-3.13
143.20,0.00,1.00,-1.00,-2.00,3.00
143.30,0.00,1.00,-1.00,-2.00,3.10
143.40,0.00,-1.57,-1.00,-2.00,-3.08
143.50,0.00,1.00,-1.00,-2.00,3.04
143.60,0.00,-1.57,-1.00,-2.00,-3.14
143.70,0.00,1.00,-1.00,-2.00,2.99
143.80,0.00,1.00,-1.00,-2.00,3.09
143.90,0.00,-1.57,-1.00,-2.00,-3.10
144.00,0.00,1.00,-1.00,-2.00,3.03
144.10,0.00,1.00,-1.00,-2.00,3.13
144.20,0.00,-1.57,-1.00,-2.00,-3.05
144.30,0.00,1.00,-1.00,-2.00,3.07
144.40,0.00,-1.57,-1.00,-2.00,-3.11
144.50,0.00,1.00,-1.00,-2.00,3.01
144.60,0.00,1.00,-1.00,-2.00,3.11
144.70,0.00,-1.57,-1.00,-2.00,-3.07
144.80,0.00,1.00,-1.00,-2.00,3.06
144.90,0.00,-1.57,-1.00,-2.00,-3.13
145.00,0.00,1.00,-1.00,-2.00,3.00
145.10,0.00,1.00,-1.00,-2.00,3.10
145.20,0.00,-1.57,-1.00,-2.00,-3.08
145.30,0.00,1.00,-1.00,-2.00,3.04
145.40,0.00,-1.57,-1.00,-2.00,-3.14
145.50,0.00,1.00,-1.00,-2.00,2.99
145.60,0.00,1.00,-1.00,-2.00,3.09
145.70,0.00,-1.57,-1.00,-2.00,-3.10
145.80,0.00,1.00,-1.00,-2.00,3.03
145.90,0.00,1.00,-1.00,-2.00,3.13
146.00,0.00,-1.57,-1.00,-2.00,-3.05
146.10,0.00,1.00,-1.00,-2.00,3.07
146.20,0.00,-1.57,-1.00,-2.00,-3.11
146.30,0.00,1.00,-1.00,-2.00,3.01
146.40,0.00,1.00,-1.00,-2.00,3.11
146.50,0.00,-1.57,-1.00,-2.00,-3.07
146.60,0.00,1.00,-1.00,-2.00,3.06
146.70,0.00,-1.57,-1.00,-2.00,-3.13
146.80,0.00,1.00,-1.00,-2.00,3.00
146.90,0.00,1.00,-1.00,-2.00,3.10
147.00,0.00,-1.57,-1.00,-2.00,-3.08
147.10,0.00,1.00,-1.00,-2.00,3.04
147.20,0.00,-1.57,-1.00,-2.00,-3.14
147.30,0.00,1.00,-1.00,-2.00,2.99
147.40,0.00,1.00,-1.00,-2.00,3.09
147.50,0.00,-1.57,-1.00,-2.00,-3.10
147.60,0.00,1.00,-1.00,-2.00,3.03
147.70,0.00,1.00,-1.00,-2.00,3.13
147.80,0.00,-1.57,-1.00,-2.00,-3.05
147.90,0.00,1.00,-1.00,-2.00,3.07
148.00,0.00,-1.57,-1.00,-2.00,-3.11
148.10,0.00,1.00,-1.00,-2.00,3.02
148.20,0.00,1.00,-1.00,-2.00,3.12
148.30,0.00,-1.57,-1.00,-2.00,-3.07
148.40,0.00,1.00,-1.00,-2.00,3.06
148.50,0.00,-1.57,-1.00,-2.00,-3.13
148.60,0.00,1.00,-1.00,-2.00,3.00
148.70,0.00,1.00,-1.00,-2.00,3.10
148.80,0.00,-1.57,-1.00,-2.00,-3.08
148.90,0.00,1.00,-1.00,-2.00,3.04
149.00,0.00,-1.57,-1.00,-2.00,-3.14
149.10,0.00,1.00,-1.00,-2.00,2.99
149.20,0.00,1.00,-1.00,-2.00,3.09
149.30,0.00,-1.57,-1.00,-2.00,-3.10
149.40,0.00,1.00,-1.00,-2.00,3.03
149.50,0.00,1.00,-1.00,-2.00,3.13
149.60,0.00,-1.57,-1.00,-2.00,-3.05
149.70,0.00,1.00,-1.00,-2.00,3.07
149.80,0.00,-1.57,-1.00,-2.00,-3.11
149.90,0.00,1.00,-1.00,-2.00,3.02
150.00,0.00,1.00,-1.00,-2.00,3.12
150.10,0.00,-1.57,-1.00,-2.00,-3.07
150.20,0.00,1.00,-1.00,-2.00,3.06
150.30,0.00,-1.57,-1.00,-2.00,-3.12
150.40,0.00,1.00,-1.00,-2.00,3.00
150.50,0.00,1.00,-1.00,-2.00,3.10
150.60,0.00,-1.57,-1.00,-2.00,-3.08
150.70,0.00,1.00,-1.00,-2.00,3.04
150.80,0.00,-1.57,-1.00,-2.00,-3.14
150.90,0.00,1.00,-1.00,-2.00,2.99
151.00,0.00,1.00,-1.00,-2.00,3.09
151.10,0.00,-1.57,-1.00,-2.00,-3.10
151.20,0.00,1.00,-1.00,-2.00,3.03
151.30,0.00,1.00,-1.00,-2.00,3.13
151.40,0.00,-1.57,-1.00,-2.00,-3.05
151.50,0.00,1.00,-1.00,-2.00,3.07
151.60,0.00,-1.57,-1.00,-2.00,-3.11
151.70,0.00,1.00,-1.00,-2.00,3.02
151.80,0.00,1.00,-1.00,-2.00,3.12
151.90,0.00,-1.57,-1.00,-2.00,-3.07
152.00,0.00,1.00,-1.00,-2.00,3.06
152.10,0.00,-1.57,-1.00,-2.00,-3.12
152.20,0.00,1.00,-1.00,-2.00,3.00
152.30,0.00,1.00,-1.00,-2.00,3.10
152.40,0.00,-1.57,-1.00,-2.00,-3.08
152.50,0.00,1.00,-1.00,-2.00,3.04
152.60,0.00,-1.57,-1.00,-2.00,-3.14
152.70,0.00,1.00,-1.00,-2.00,2.99
152.80,0.00,1.00,-1.00,-2.00,3.09
152.90,0.00,-1.57,-1.00,-2.00,-3.10
153.00,0.00,1.00,-1.00,-2.00,3.03
153.10,0.00,1.00,-1.00,-2.00,3.13
153.20,0.00,-1.57,-1.00,-2.00,-3.05
153.30,0.00,1.00,-1.00,-2.00,3.07
153.40,0.00,-1.57,-1.00,-2.00,-3.11
153.50,0.00,1.00,-1.00,-2.00,3.02
153.60,0.00,1.00,-1.00,-2.00,3.12
153.70,0.00,-1.57,-1.00,-2.00,-3.07
153.80,0.00,1.00,-1.00,-2.00,3.06
153.90,0.00,-1.57,-1.00,-2.00,-3.12
154.00,0.00,1.00,-1.00,-2.00,3.00
154.10,0.00,1.00,-1.00,-2.00,3.10
154.20,0.00,-1.57,-1.00,-2.00,-3.08
154.30,0.00,1.00,-1.00,-2.00,3.05
154.40,0.00,-1.57,-1.00,-2.00,-3.14
154.50,0.00,1.00,-1.00,-2.00,2.99
154.60,0.00,1.00,-1.00,-2.00,3.09
154.70,0.00,-1.57,-1.00,-2.00,-3.10
154.80,0.00,1.00,-1.00,-2.00,3.03
154.90,0.00,1.00,-1.00,-2.00,3.13
155.00,0.00,-1.57,-1.00,-2.00,-3.05
155.10,0.00,1.00,-1.00,-2.00,3.07
155.20,0.00,-1.57,-1.00,-2.00,-3.11
155.30,0.00,1.00,-1.00,-2.00,3.02
155.40,0.00,1.00,-1.00,-2.00,3.12
155.50,0.00,-1.57,-1.00,-2.00,-3.07
155.60,0.00,1.00,-1.00,-2.00,3.06
155.70,0.00,-1.57,-1.00,-2.00,-3.12
155.80,0.00,1.00,-1.00,-2.00,3.00
155.90,0.00,1.00,-1.00,-2.00,3.10
156.00,0.00,-1.57,-1.00,-2.00,-3.08
156.10,0.00,1.00,-1.00,-2.00,3.05
156.20,0.00,-1.57,-1.00,-2.00,-3.14
156.30,0.00,1.00,-1.00,-2.00,2.99
156.40,0.00,1.00,-1.00,-2.00,3.09
156.50,0.00,-1.57,-1.00,-2.00,-3.09
156.60,0.00,1.00,-1.00,-2.00,3.03
156.70,0.00,1.00,-1.00,-2.00,3.13
156.80,0.00,-1.57,-1.00,-2.00,-3.05
156.90,0.00,1.00,-1.00,-2.00,3.07
157.00,0.00,-1.57,-1.00,-2.00,-3.11
157.10,0.00,1.00,-1.00,-2.00,3.02
157.20,0.00,1.00,-1.00,-2.00,3.12
157.30,0.00,-1.57,-1.00,-2.00,-3.07
157.40,0.00,1.00,-1.00,-2.00,3.06
157.50,0.00,-1.57,-1.00,-2.00,-3.12
157.60,0.00,1.00,-1.00,-2.00,3.00
157.70,0.00,1.00,-1.00,-2.00,3.10
157.80,0.00,-1.57,-1.00,-2.00,-3.08
157.90,0.00,1.00,-1.00,-2.00,3.05
158.00,0.00,-1.57,-1.00,-2.00,-3.14
158.10,0.00,1.00,-1.00,-2.00,2.99
158.20,0.00,1.00,-1.00,-2.00,3.09
158.30,0.00,-1.57,-1.00,-2.00,-3.09
158.40,0.00,1.00,-1.00,-2.00,3.03
158.50,0.00,1.00,-1.00,-2.00,3.13
158.60,0.00,-1.57,-1.00,-2.00,-3.05
158.70,0.00,1.00,-1.00,-2.00,3.07
158.80,0.00,-1.57,-1.00,-2.00,-3.11
158.90,0.00,1.00,-1.00,-2.00,3.02
159.00,0.00,1.00,-1.00,-2.00,3.12
159.10,0.00,-1.57,-1.00,-2.00,-3.07
159.20,0.00,1.00,-1.00,-2.00,3.06
159.30,0.00,-1.57,-1.00,-2.00,-3.12
159.40,0.00,1.00,-1.00,-2.00,3.00
159.50,0.00,1.00,-1.00,-2.00,3.10
159.60,0.00,-1.57,-1.00,-2.00,-3.08
159.70,0.00,1.00,-1.00,-2.00,3.05
159.80,0.00,-1.57,-1.00,-2.00,-3.14
159.90,0.00,1.00,-1.00,-2.00,2.99
160.00,0.00,1.00,-1.00,-2.00,3.09
160.10,0.00,-1.57,-1.00,-2.00,-3.09
160.20,0.00,1.00,-1.00,-2.00,3.03
160.30,0.00,1.00,-1.00,-2.00,3.13
160.40,0.00,-1.57,-1.00,-2.00,-3.05
160.50,0.00,1.00,-1.00,-2.00,3.08
160.60,0.00,-1.57,-1.00,-2.00,-3.11
160.70,0.00,1.00,-1.00,-2.00,3.02
160.80,0.00,1.00,-1.00,-2.00,3.12
160.90,0.00,-1.57,-1.00,-2.00,-3.06
161.00,0.00,1.00,-1.00,-2.00,3.06
161.10,0.00,-1.57,-1.00,-2.00,-3.12
161.20,0.00,1.00,-1.00,-2.00,3.00
161.30,0.00,1.00,-1.00,-2.00,3.10
161.40,0.00,-1.57,-1.00,-2.00,-3.08
161.50,0.00,1.00,-1.00,-2.00,3.05
161.60,0.00,-1.57,-1.00,-2.00,-3.14
161.70,0.00,1.00,-1.00,-2.00,2.99
161.80,0.00,1.00,-1.00,-2.00,3.09
161.90,0.00,-1.57,-1.00,-2.00,-3.09
162.00,0.00,1.00,-1.00,-2.00,3.03
162.10,0.00,1.00,-1.00,-2.00,3.13
162.20,0.00,-1.57,-1.00,-2.00,-3.05
162.30,0.00,1.00,-1.00,-2.00,3.08
162.40,0.00,-1.57,-1.00,-2.00,-3.11
162.50,0.00,1.00,-1.00,-2.00,3.02
162.60,0.00,1.00,-1.00,-2.00,3.12
162.70,0.00,-1.57,-1.00,-2.00,-3.06
162.80,0.00,1.00,-1.00,-2.00,3.06
162.90,0.00,-1.57,-1.00,-2.00,-3.12
163.00,0.00,1.00,-1.00,-2.00,3.00
163.10,0.00,1.00,-1.00,-2.00,3.10
163.20,0.00,-1.57,-1.00,-2.00,-3.08
163.30,0.00,1.00,-1.00,-2.00,3.05
163.40,0.00,-1.57,-1.00,-2.00,-3.14
163.50,0.00,1.00,-1.00,-2.00,2.99
163.60,0.00,1.00,-1.00,-2.00,3.09
163.70,0.00,-1.57,-1.00,-2.00,-3.09
163.80,0.00,1.00,-1.00,-2.00,3.03
163.90,0.00,1.00,-1.00,-2.00,3.13
164.00,0.00,-1.57,-1.00,-2.00,-3.05
164.10,0.00,1.00,-1.00,-2.00,3.08
164.20,0.00,-1.57,-1.00,-2.00,-3.11
164.30,0.00,1.00,-1.00,-2.00,3.02
164.40,0.00,1.00,-1.00,-2.00,3.12
164.50,0.00,-1.57,-1.00,-2.00,-3.06
164.60,0.00,1.00,-1.00,-2.00,3.06
164.70,0.00,-1.57,-1.00,-2.00,-3.12
164.80,0.00,1.00,-1.00,-2.00,3.00
164.90,0.00,1.00,-1.00,-2.00,3.10
165.00,0.00,-1.57,-1.00,-2.00,-3.08
165.10,0.00,1.00,-1.00,-2.00,3.05
165.20,0.00,-1.57,-1.00,-2.00,-3.14
165.30,0.00,1.00,-1.00,-2.00,2.99
165.40,0.00,1.00,-1.00,-2.00,3.09
165.50,0.00,-1.57,-1.00,-2.00,-3.09
165.60,0.00,1.00,-1.00,-2.00,3.03
165.70,0.00,1.00,-1.00,-2.00,3.13
165.80,0.00,-1.57,-1.00,-2.00,-3.05
165.90,0.00,1.00,-1.00,-2.00,3.08
166.00,0.00,-1.57,-1.00,-2.00,-3.11
166.10,0.00,1.00,-1.00,-2.00,3.02
166.20,0.00,1.00,-1.00,-2.00,3.12
166.30,0.00,-1.57,-1.00,-2.00,-3.06
166.40,0.00,1.00,-1.00,-2.00,3.06
166.50,0.00,-1.57,-1.00,-2.00,-3.12
166.60,0.00,1.00,-1.00,-2.00,3.01
166.70,0.00,1.00,-1.00,-2.00,3.11
166.80,0.00,-1.57,-1.00,-2.00,-3.08
166.90,0.00,1.00,-1.00,-2.00,3.05
167.00,0.00,-1.57,-1.00,-2.00,-3.13
167.10,0.00,1.00,-1.00,-2.00,2.99
167.20,0.00,1.00,-1.00,-2.00,3.09
167.30,0.00,-1.57,-1.00,-2.00,-3.09
167.40,0.00,1.00,-1.00,-2.00,3.03
167.50,0.00,1.00,-1.00,-2.00,3.13
167.60,0.00,-1.57,-1.00,-2.00,-3.05
167.70,0.00,1.00,-1.00,-2.00,3.08
167.80,0.00,-1.57,-1.00,-2.00,-3.11
167.90,0.00,1.00,-1.00,-2.00,3.02
168.00,0.00,1.00,-1.00,-2.00,3.12
168.10,0.00,-1.57,-1.00,-2.00,-3.06
168.20,0.00,1.00,-1.00,-2.00,3.06
168.30,0.00,-1.57,-1.00,-2.00,-3.12
168.40,0.00,1.00,-1.00,-2.00,3.01
168.50,0.00,1.00,-1.00,-2.00,3.11
168.60,0.00,-1.57,-1.00,-2.00,-3.08
168.70,0.00,1.00,-1.00,-2.00,3.05
168.80,0.00,-1.57,-1.00,-2.00,-3.13
168.90,0.00,1.00,-1.00,-2.00,2.99
169.00,0.00,1.00,-1.00,-2.00,3.09
169.10,0.00,-1.57,-1.00,-2.00,-3.09
169.20,0.00,1.00,-1.00,-2.00,3.03
169.30,0.00,1.00,-1.00,-2.00,3.13
169.40,0.00,-1.57,-1.00,-2.00,-3.05
169.50,0.00,1.00,-1.00,-2.00,3.08
169.60,0.00,-1.57,-1.00,-2.00,-3.11
169.70,0.00,1.00,-1.00,-2.00,3.02
169.80,0.00,1.00,-1.00,-2.00,3.12
169.90,0.00,-1.57,-1.00,-2.00,-3.06
170.00,0.00,1.00,-1.00,-2.00,3.06
170.10,0.00,-1.57,-1.00,-2.00,-3.12
170.20,0.00,1.00,-1.00,-2.00,3.01
170.30,0.00,1.00,-1.00,-2.00,3.11
170.40,0.00,-1.57,-1.00,-2.00,-3.08
170.50,0.00,1.00,-1.00,-2.00,3.05
170.60,0.00,-1.57,-1.00,-2.00,-3.13
170.70,0.00,1.00,-1.00,-2.00,2.99
170.80,0.00,1.00,-1.00,-2.00,3.09
170.90,0.00,-1.57,-1.00,-2.00,-3.09
171.00,0.00,1.00,-1.00,-2.00,3.04
171.10,0.00,1.00,-1.00,-2.00,3.14
171.20,0.00,-1.57,-1.00,-2.00,-3.05
171.30,0.00,1.00,-1.00,-2.00,3.08
171.40,0.00,-1.57,-1.00,-2.00,-3.11
171.50,0.00,1.00,-1.00,-2.00,3.02
171.60,0.00,1.00,-1.00,-2.00,3.12
171.70,0.00,-1.57,-1.00,-2.00,-3.06
171.80,0.00,1.00,-1.00,-2.00,3.06
171.90,0.00,-1.57,-1.00,-2.00,-3.12
172.00,0.00,1.00,-1.00,-2.00,3.01
172.10,0.00,1.00,-1.00,-2.00,3.11
172.20,0.00,-1.57,-1.00,-2.00,-3.08
172.30,0.00,1.00,-1.00,-2.00,3.05
172.40,0.00,-1.57,-1.00,-2.00,-3.13
172.50,0.00,1.00,-1.00,-2.00,2.99
172.60,0.00,1.00,-1.00,-2.00,3.09
172.70,0.00,-1.57,-1.00,-2.00,-3.09
172.80,0.00,1.00,-1.00,-2.00,3.04
172.90,0.00,1.00,-1.00,-2.00,3.14
173.00,0.00,-1.57,-1.00,-2.00,-3.05
173.10,0.00,1.00,-1.00,-2.00,3.08
173.20,0.00,-1.57,-1.00,-2.00,-3.10
173.30,0.00,1.00,-1.00,-2.00,3.02
173.40,0.00,1.00,-1.00,-2.00,3.12
173.50,0.00,-1.57,-1.00,-2.00,-3.06
173.60,0.00,1.00,-1.00,-2.00,3.06
173.70,0.00,-1.57,-1.00,-2.00,-3.12
173.80,0.00,1.00,-1.00,-2.00,3.01
173.90,0.00,1.00,-1.00,-2.00,3.11
174.00,0.00,-1.57,-1.00,-2.00,-3.08
174.10,0.00,1.00,-1.00,-2.00,3.05
174.20,0.00,-1.57,-1.00,-2.00,-3.13
174.30,0.00,1.00,-1.00,-2.00,2.99
174.40,0.00,1.00,-1.00,-2.00,3.09
174.50,0.00,-1.57,-1.00,-2.00,-3.09
174.60,0.00,1.00,-1.00,-2.00,3.04
174.70,0.00,1.00,-1.00,-2.00,3.14
174.80,0.00,-1.57,-1.00,-2.00,-3.05
174.90,0.00,1.00,-1.00,-2.00,3.08
175.00,0.00,-1.57,-1.00,-2.00,-3.10
175.10,0.00,1.00,-1.00,-2.00,3.02
175.20,0.00,1.00,-1.00,-2.00,3.12
175.30,0.00,-1.57,-1.00,-2.00,-3.06
175.40,0.00,1.00,-1.00,-2.00,3.06
175.50,0.00,-1.57,-1.00,-2.00,-3.12
175.60,0.00,1.00,-1.00,-2.00,3.01
175.70,0.00,1.00,-1.00,-2.00,3.11
175.80,0.00,-1.57,-1.00,-2.00,-3.08
175.90,0.00,1.00,-1.00,-2.00,3.05
176.00,0.00,-1.57,-1.00,-2.00,-3.13
176.10,0.00,1.00,-1.00,-2.00,2.99
176.20,0.00,1.00,-1.00,-2.00,3.09
176.30,0.00,-1.57,-1.00,-2.00,-3.09
176.40,0.00,1.00,-1.00,-2.00,3.04
176.50,0.00,1.00,-1.00,-2.00,3.14
176.60,0.00,-1.57,-1.00,-2.00,-3.05
176.70,0.00,1.00,-1.00,-2.00,3.08
176.80,0.00,-1.57,-1.00,-2.00,-3.10
176.90,0.00,1.00,-1.00,-2.00,3.02
177.00,0.00,1.00,-1.00,-2.00,3.12
177.10,0.00,-1.57,-1.00,-2.00,-3.06
177.20,0.00,1.00,-1.00,-2.00,3.07
177.30,0.00,-1.57,-1.00,-2.00,-3.12
177.40,0.00,1.00,-1.00,-2.00,3.01
177.50,0.00,1.00,-1.00,-2.00,3.11
177.60,0.00,-1.57,-1.00,-2.00,-3.08
177.70,0.00,1.00,-1.00,-2.00,3.05
177.80,0.00,-1.57,-1.00,-2.00,-3.13
177.90,0.00,1.00,-1.00,-2.00,2.99
178.00,0.00,1.00,-1.00,-2.00,3.09
178.10,0.00,-1.57,-1.00,-2.00,-3.09
178.20,0.00,1.00,-1.00,-2.00,3.04
178.30,0.00,1.00,-1.00,-2.00,3.14
178.40,0.00,-1.57,-1.00,-2.00,-3.05
178.50,0.00,1.00,-1.00,-2.00,3.08
178.60,0.00,-1.57,-1.00,-2.00,-3.10
178.70,0.00,1.00,-1.00,-2.00,3.02
178.80,0.00,1.00,-1.00,-2.00,3.12
178.90,0.00,-1.57,-1.00,-2.00,-3.06
179.00,0.00,1.00,-1.00,-2.00,3.07
179.10,0.00,-1.57,-1.00,-2.00,-3.12
179.20,0.00,1.00,-1.00,-2.00,3.01
179.30,0.00,1.00,-1.00,-2.00,3.11
179.40,0.00,-1.57,-1.00,-2.00,-3.07
179.50,0.00,1.00,-1.00,-2.00,3.05
179.60,0.00,-1.57,-1.00,-2.00,-3.13
179.70,0.00,1.00,-1.00,-2.00,2.99
179.80,0.00,1.00,-1.00,-2.00,3.09
179.90,0.00,-1.57,-1.00,-2.00,-3.09
180.00,0.00,1.00,-1.00,-2.00,3.04
180.10,0.00,1.00,-1.00,-2.00,3.14
180.20,0.00,-1.57,-1.00,-2.00,-3.05
180.30,0.00,1.00,-1.00,-2.00,3.08
180.40,0.00,-1.57,-1.00,-2.00,-3.10
180.50,0.00,1.00,-1.00,-2.00,3.02
180.60,0.00,1.00,-1.00,-2.00,3.12
180.70,0.00,-1.57,-1.00,-2.00,-3.06
180.80,0.00,1.00,-1.00,-2.00,3.07
180.90,0.00,-1.57,-1.00,-2.00,-3.12
181.00,0.00,1.00,-1.00,-2.00,3.01
181.10,0.00,1.00,-1.00,-2.00,3.11
181.20,0.00,-1.57,-1.00,-2.00,-3.07
181.30,0.00,1.00,-1.00,-2.00,3.05
181.40,0.00,-1.57,-1.00,-2.00,-3.13
181.50,0.00,1.00,-1.00,-2.00,2.99
181.60,0.00,1.00,-1.00,-2.00,3.09
181.70,0.00,-1.57,-1.00,-2.00,-3.09
181.80,0.00,1.00,-1.00,-2.00,3.04
181.90,0.00,1.00,-1.00,-2.00,3.14
182.00,0.00,-1.57,-1.00,-2.00,-3.05
182.10,0.00,1.00,-1.00,-2.00,3.08
182.20,0.00,-1.57,-1.00,-2.00,-3.10
182.30,0.00,1.00,-1.00,-2.00,3.02
182.40,0.00,1.00,-1.00,-2.00,3.12
182.50,0.00,-1.57,-1.00,-2.00,-3.06
182.60,0.00,1.00,-1.00,-2.00,3.07
182.70,0.00,-1.57,-1.00,-2.00,-3.12
182.80,0.00,1.00,-1.00,-2.00,3.01
182.90,0.00,1.00,-1.00,-2.00,3.11
183.00,0.00,-1.57,-1.00,-2.00,-3.07
183.10,0.00,1.00,-1.00,-2.00,3.05
183.20,0.00,-1.57,-1.00,-2.00,-3.13
183.30,0.00,1.00,-1.00,-2.00,3.00
183.40,0.00,1.00,-1.00,-2.00,3.10
183.50,0.00,-1.57,-1.00,-2.00,-3.09
183.60,0.00,1.00,-1.00,-2.00,3.04
183.70,0.00,1.00,-1.00,-2.00,3.14
183.80,0.00,-1.57,-1.00,-2.00,-3.05
183.90,0.00,1.00,-1.00,-2.00,3.08
184.00,0.00,-1.57,-1.00,-2.00,-3.10
184.10,0.00,1.00,-1.00,-2.00,3.02
184.20,0.00,1.00,-1.00,-2.00,3.12
184.30,0.00,-1.57,-1.00,-2.00,-3.06
184.40,0.00,1.00,-1.00,-2.00,3.07
184.50,0.00,-1.57,-1.00,-2.00,-3.12
184.60,0.00,1.00,-1.00,-2.00,3.01
184.70,0.00,1.00,-1.00,-2.00,3.11
184.80,0.00,-1.57,-1.00,-2.00,-3.07
184.90,0.00,1.00,-1.00,-2.00,3.05
185.00,0.00,-1.57,-1.00,-2.00,-3.13
185.10,0.00,1.00,-1.00,-2.00,3.00
185.20,0.00,1.00,-1.00,-2.00,3.10
185.30,0.00,-1.57,-1.00,-2.00,-3.09
185.40,0.00,1.00,-1.00,-2.00,3.04
185.50,0.00,1.00,-1.00,-2.00,3.14
185.60,0.00,-1.57,-1.00,-2.00,-3.04
185.70,0.00,1.00,-1.00,-2.00,3.08
185.80,0.00,-1.57,-1.00,-2.00,-3.10
185.90,0.00,1.00,-1.00,-2.00,3.02
186.00,0.00,1.00,-1.00,-2.00,3.12
186.10,0.00,-1.57,-1.00,-2.00,-3.06
186.20,0.00,1.00,-1.00,-2.00,3.07
186.30,0.00,-1.57,-1.00,-2.00,-3.12
186.40,0.00,1.00,-1.00,-2.00,3.01
186.50,0.00,1.00,-1.00,-2.00,3.11
186.60,0.00,-1.57,-1.00,-2.00,-3.07
186.70,0.00,1.00,-1.00,-2.00,3.05
186.80,0.00,-1.57,-1.00,-2.00,-3.13
186.90,0.00,1.00,-1.00,-2.00,3.00
187.00,0.00,1.00,-1.00,-2.00,3.10
187.10,0.00,-1.57,-1.00,-2.00,-3.09
187.20,0.00,1.00,-1.00,-2.00,3.04
187.30,0.00,1.00,-1.00,-2.00,3.14
187.40,0.00,-1.57,-1.00,-2.00,-3.04
187.50,0.00,1.00,-1.00,-2.00,3.08
187.60,0.00,-1.57,-1.00,-2.00,-3.10
187.70,0.00,1.00,-1.00,-2.00,3.02
187.80,0.00,1.00,-1.00,-2.00,3.12
187.90,0.00,-1.57,-1.00,-2.00,-3.06
188.00,0.00,1.00,-1.00,-2.00,3.07
188.10,0.00,-1.57,-1.00,-2.00,-3.12
188.20,0.00,1.00,-1.00,-2.00,3.01
188.30,0.00,1.00,-1.00,-2.00,3.11
188.40,0.00,-1.57,-1.00,-2.00,-3.07
188.50,0.00,1.00,-1.00,-2.00,3.05
188.60,0.00,-1.57,-1.00,-2.00,-3.13
188.70,0.00,1.00,-1.00,-2.00,3.00
188.80,0.00,1.00,-1.00,-2.00,3.10
188.90,0.00,-1.57,-1.00,-2.00,-3.09
189.00,0.00,1.00,-1.00,-2.00,3.04
189.10,0.00,1.00,-1.00,-2.00,3.14
189.20,0.00,-1.57,-1.00,-2.00,-3.04
189.30,0.00,1.00,-1.00,-2.00,3.08
189.40,0.00,-1.57,-1.00,-2.00,-3.10
189.50,0.00,1.00,-1.00,-2.00,3.03
189.60,0.00,1.00,-1.00,-2.00,3.13
189.70,0.00,-1.57,-1.00,-2.00,-3.06
189.80,0.00,1.00,-1.00,-2.00,3.07
189.90,0.00,-1.57,-1.00,-2.00,-3.11
190.00,0.00,1.00,-1.00,-2.00,3.01
190.10,0.00,1.00,-1.00,-2.00,3.11
190.20,0.00,-1.57,-1.00,-2.00,-3.07
190.30,0.00,1.00,-1.00,-2.00,3.05
190.40,0.00,-1.57,-1.00,-2.00,-3.13
190.50,0.00,1.00,-1.00,-2.00,3.00
190.60,0.00,1.00,-1.00,-2.00,3.10
190.70,0.00,-1.57,-1.00,-2.00,-3.09
190.80,0.00,1.00,-1.00,-2.00,3.04
190.90,0.00,1.00,-1.00,-2.00,3.14
191.00,0.00,-1.57,-1.00,-2.00,-3.04
191.10,0.00,1.00,-1.00,-2.00,3.08
191.20,0.00,-1.57,-1.00,-2.00,-3.10
191.30,0.00,1.00,-1.00,-2.00,3.03
191.40,0.00,1.00,-1.00,-2.00,3.13
191.50,0.00,-1.57,-1.00,-2.00,-3.06
191.60,0.00,1.00,-1.00,-2.00,3.07
191.70,0.00,-1.57,-1.00,-2.00,-3.11
191.80,0.00,1.00,-1.00,-2.00,3.01
191.90,0.00,1.00,-1.00,-2.00,3.11
192.00,0.00,-1.57,-1.00,-2.00,-3.07
192.10,0.00,1.00,-1.00,-2.00,3.05
192.20,0.00,-1.57,-1.00,-2.00,-3.13
192.30,0.00,1.00,-1.00,-2.00,3.00
192.40,0.00,1.00,-1.00,-2.00,3.10
192.50,0.00,-1.57,-1.00,-2.00,-3.09
192.60,0.00,1.00,-1.00,-2.00,3.04
192.70,0.00,1.00,-1.00,-2.00,3.14
192.80,0.00,-1.57,-1.00,-2.00,-3.04
192.90,0.00,1.00,-1.00,-2.00,3.08
193.00,0.00,-1.57,-1.00,-2.00,-3.10
193.10,0.00,1.00,-1.00,-2.00,3.03
193.20,0.00,1.00,-1.00,-2.00,3.13
193.30,0.00,-1.57,-1.00,-2.00,-3.06
193.40,0.00,1.00,-1.00,-2.00,3.07
193.50,0.00,-1.57,-1.00,-2.00,-3.11
193.60,0.00,1.00,-1.00,-2.00,3.01
193.70,0.00,1.00,-1.00,-2.00,3.11
193.80,0.00,-1.57,-1.00,-2.00,-3.07
193.90,0.00,1.00,-1.00,-2.00,3.05
194.00,0.00,-1.57,-1.00,-2.00,-3.13
194.10,0.00,1.00,-1.00,-2.00,3.00
194.20,0.00,1.00,-1.00,-2.00,3.10
194.30,0.00,-1.57,-1.00,-2.00,-3.09
194.40,0.00,1.00,-1.00,-2.00,3.04
194.50,0.00,1.00,-1.00,-2.00,3.14
194.60,0.00,-1.57,-1.00,-2.00,-3.04
194.70,0.00,1.00,-1.00,-2.00,3.08
194.80,0.00,-1.57,-1.00,-2.00,-3.10
194.90,0.00,1.00,-1.00,-2.00,3.03
195.00,0.00,1.00,-1.00,-2.00,3.13
195.10,0.00,-1.57,-1.00,-2.00,-3.06
195.20,0.00,1.00,-1.00,-2.00,3.07
195.30,0.00,-1.57,-1.00,-2.00,-3.11
195.40,0.00,1.00,-1.00,-2.00,3.01
195.50,0.00,1.00,-1.00,-2.00,3.11
195.60,0.00,-1.57,-1.00,-2.00,-3.07
195.70,0.00,1.00,-1.00,-2.00,3.06
195.80,0.00,-1.57,-1.00,-2.00,-3.13
195.90,0.00,1.00,-1.00,-2.00,3.00
196.00,0.00,1.00,-1.00,-2.00,3.10
196.10,0.00,-1.57,-1.00,-2.00,-3.08
196.20,0.00,1.00,-1.00,-2.00,3.04
196.30,0.00,1.00,-1.00,-2.00,3.14
196.40,0.00,-1.57,-1.00,-2.00,-3.04
196.50,0.00,1.00,-1.00,-2.00,3.08
196.60,0.00,-1.57,-1.00,-2.00,-3.10
196.70,0.00,1.00,-1.00,-2.00,3.03
196.80,0.00,1.00,-1.00,-2.00,3.13
196.90,0.00,-1.57,-1.00,-2.00,-3.06
197.00,0.00,1.00,-1.00,-2.00,3.07
197.10,0.00,-1.57,-1.00,-2.00,-3.11
197.20,0.00,1.00,-1.00,-2.00,3.01
197.30,0.00,1.00,-1.00,-2.00,3.11
197.40,0.00,-1.57,-1.00,-2.00,-3.07
197.50,0.00,1.00,-1.00,-2.00,3.06
197.60,0.00,-1.57,-1.00,-2.00,-3.13
197.70,0.00,1.00,-1.00,-2.00,3.00
197.80,0.00,1.00,-1.00,-2.00,3.10
197.90,0.00,-1.57,-1.00,-2.00,-3.08
198.00,0.00,1.00,-1.00,-2.00,3.04
198.10,0.00,-1.57,-1.00,-2.00,-3.14
198.20,0.00,1.00,-1.00,-2.00,2.98
198.30,0.00,1.00,-1.00,-2.00,3.08
198.40,0.00,-1.57,-1.00,-2.00,-3.10
198.50,0.00,1.00,-1.00,-2.00,3.03
198.60,0.00,1.00,-1.00,-2.00,3.13
198.70,0.00,-1.57,-1.00,-2.00,-3.06
198.80,0.00,1.00,-1.00,-2.00,3.07
198.90,0.00,-1.57,-1.00,-2.00,-3.11
199.00,0.00,1.00,-1.00,-2.00,3.01
199.10,0.00,1.00,-1.00,-2.00,3.11
199.20,0.00,-1.57,-1.00,-2.00,-3.07
199.30,0.00,1.00,-1.00,-2.00,3.06
199.40,0.00,-1.57,-1.00,-2.00,-3.13
199.50,0.00,1.00,-1.00,-2.00,3.00
199.60,0.00,1.00,-1.00,-2.00,3.10
199.70,0.00,-1.57,-1.00,-2.00,-3.08
199.80,0.00,1.00,-1.00,-2.00,3.04
199.90,0.00,-1.57,-1.00,-2.00,-3.14
200.00,0.00,1.00,-1.00,-2.00,2.99
200.10,0.00,1.00,-1.00,-2.00,3.09
200.20,0.00,-1.57,-1.00,-2.00,-3.10
200.30,0.00,1.00,-1.00,-2.00,3.03
200.40,0.00,1.00,-1.00,-2.00,3.13
200.50,0.00,-1.57,-1.00,-2.00,-3.06
200.60,0.00,1.00,-1.00,-2.00,3.07
200.70,0.00,-1.57,-1.00,-2.00,-3.11
200.80,0.00,1.00,-1.00,-2.00,3.01
200.90,0.00,1.00,-1.00,-2.00,3.11
201.00,0.00,-1.57,-1.00,-2.00,-3.07
201.10,0.00,1.00,-1.00,-2.00,3.06
201.20,0.00,-1.57,-1.00,-2.00,-3.13
201.30,0.00,1.00,-1.00,-2.00,3.00
201.40,0.00,1.00,-1.00,-2.00,3.10
201.50,0.00,-1.57,-1.00,-2.00,-3.08
201.60,0.00,1.00,-1.00,-2.00,3.04
201.70,0.00,-1.57,-1.00,-2.00,-3.14
201.80,0.00,1.00,-1.00,-2.00,2.99
201.90,0.00,1.00,-1.00,-2.00,3.09
202.00,0.00,-1.57,-1.00,-2.00,-3.10
202.10,0.00,1.00,-1.00,-2.00,3.03
202.20,0.00,1.00,-1.00,-2.00,3.13
202.30,0.00,-1.57,-1.00,-2.00,-3.05
202.40,0.00,1.00,-1.00,-2.00,3.07
202.50,0.00,-1.57,-1.00,-2.00,-3.11
202.60,0.00,1.00,-1.00,-2.00,3.01
202.70,0.00,1.00,-1.00,-2.00,3.11
202.80,0.00,-1.57,-1.00,-2.00,-3.07
202.90,0.00,1.00,-1.00,-2.00,3.06
203.00,0.00,-1.57,-1.00,-2.00,-3.13
203.10,0.00,1.00,-1.00,-2.00,3.00
203.20,0.00,1.00,-1.00,-2.00,3.10
203.30,0.00,-1.57,-1.00,-2.00,-3.08
203.40,0.00,1.00,-1.00,-2.00,3.04
203.50,0.00,-1.57,-1.00,-2.00,-3.14
203.60,0.00,1.00,-1.00,-2.00,2.99
203.70,0.00,1.00,-1.00,-2.00,3.09
203.80,0.00,-1.57,-1.00,-2.00,-3.10
203.90,0.00,1.00,-1.00,-2.00,3.03
204.00,0.00,1.00,-1.00,-2.00,3.13
204.10,0.00,-1.57,-1.00,-2.00,-3.05
204.20,0.00,1.00,-1.00,-2.00,3.07
204.30,0.00,-1.57,-1.00,-2.00,-3.11
204.40,0.00,1.00,-1.00,-2.00,3.01
204.50,0.00,1.00,-1.00,-2.00,3.11
204.60,0.00,-1.57,-1.00,-2.00,-3.07
204.70,0.00,1.00,-1.00,-2.00,3.06
204.80,0.00,-1.57,-1.00,-2.00,-3.13
204.90,0.00,1.00,-1.00,-2.00,3.00
205.00,0.00,1.00,-1.00,-2.00,3.10
205.10,0.00,-1.57,-1.00,-2.00,-3.08
205.20,0.00,1.00,-1.00,-2.00,3.04
205.30,0.00,-1.57,-1.00,-2.00,-3.14
205.40,0.00,1.00,-1.00,-2.00,2.99
205.50,0.00,1.00,-1.00,-2.00,3.09
205.60,0.00,-1.57,-1.00,-2.00,-3.10
205.70,0.00,1.00,-1.00,-2.00,3.03
205.80,0.00,1.00,-1.00,-2.00,3.13
205.90,0.00,-1.57,-1.00,-2.00,-3.05
206.00,0.00,1.00,-1.00,-2.00,3.07
206.10,0.00,-1.57,-1.00,-2.00,-3.11
206.20,0.00,1.00,-1.00,-2.00,3.02
206.30,0.00,1.00,-1.00,-2.00,3.12
206.40,0.00,-1.57,-1.00,-2.00,-3.07
206.50,0.00,1.00,-1.00,-2.00,3.06
206.60,0.00,-1.57,-1.00,-2.00,-3.13
206.70,0.00,1.00,-1.00,-2.00,3.00
206.80,0.00,1.00,-1.00,-2.00,3.10
206.90,0.00,-1.57,-1.00,-2.00,-3.08
207.00,0.00,1.00,-1.00,-2.00,3.04
207.10,0.00,-1.57,-1.00,-2.00,-3.14
207.20,0.00,1.00,-1.00,-2.00,2.99
207.30,0.00,1.00,-1.00,-2.00,3.09
207.40,0.00,-1.57,-1.00,-2.00,-3.10
207.50,0.00,1.00,-1.00,-2.00,3.03
207.60,0.00,1.00,-1.00,-2.00,3.13
207.70,0.00,-1.57,-1.00,-2.00,-3.05
207.80,0.00,1.00,-1.00,-2.00,3.07
207.90,0.00,-1.57,-1.00,-2.00,-3.11
208.00,0.00,1.00,-1.00,-2.00,3.02
208.10,0.00,1.00,-1.00,-2.00,3.12
208.20,0.00,-1.57,-1.00,-2.00,-3.07
208.30,0.00,1.00,-1.00,-2.00,3.06
208.40,0.00,-1.57,-1.00,-2.00,-3.12
208.50,0.00,1.00,-1.00,-2.00,3.00
208.60,0.00,1.00,-1.00,-2.00,3.10
208.70,0.00,-1.57,-1.00,-2.00,-3.08
208.80,0.00,1.00,-1.00,-2.00,3.04
208.90,0.00,-1.57,-1.00,-2.00,-3.14
209.00,0.00,1.00,-1.00,-2.00,2.99
209.10,0.00,1.00,-1.00,-2.00,3.09
209.20,0.00,-1.57,-1.00,-2.00,-3.10
209.30,0.00,1.00,-1.00,-2.00,3.03
209.40,0.00,1.00,-1.00,-2.00,3.13
209.50,0.00,-1.57,-1.00,-2.00,-3.05
209.60,0.00,1.00,-1.00,-2.00,3.07
209.70,0.00,-1.57,-1.00,-2.00,-3.11
209.80,0.00,1.00,-1.00,-2.00,3.02
209.90,0.00,1.00,-1.00,-2.00,3.12
210.00,0.00,-1.57,-1.00,-2.00,-3.07
210.10,0.00,1.00,-1.00,-2.00,3.06
210.20,0.00,-1.57,-1.00,-2.00,-3.12
210.30,0.00,1.00,-1.00,-2.00,3.00
210.40,0.00,1.00,-1.00,-2.00,3.10
210.50,0.00,-1.57,-1.00,-2.00,-3.08
210.60,0.00,1.00,-1.00,-2.00,3.04
210.70,0.00,-1.57,-1.00,-2.00,-3.14
210.80,0.00,1.00,-1.00,-2.00,2.99
210.90,0.00,1.00,-1.00,-2.00,3.09
211.00,0.00,-1.57,-1.00,-2.00,-3.10
211.10,0.00,1.00,-1.00,-2.00,3.03
211.20,0.00,1.00,-1.00,-2.00,3.13
211.30,0.00,-1.57,-1.00,-2.00,-3.05
211.40,0.00,1.00,-1.00,-2.00,3.07
211.50,0.00,-1.57,-1.00,-2.00,-3.11
211.60,0.00,1.00,-1.00,-2.00,3.02
211.70,0.00,1.00,-1.00,-2.00,3.12
211.80,0.00,-1.57,-1.00,-2.00,-3.07
211.90,0.00,1.00,-1.00,-2.00,3.06
212.00,0.00,-1.57,-1.00,-2.00,-3.12
212.10,0.00,1.00,-1.00,-2.00,3.00
212.20,0.00,1.00,-1.00,-2.00,3.10
212.30,0.00,-1.57,-1.00,-2.00,-3.08
212.40,0.00,1.00,-1.00,-2.00,3.05
212.50,0.00,-1.57,-1.00,-2.00,-3.14
212.60,0.00,1.00,-1.00,-2.00,2.99
212.70,0.00,1.00,-1.00,-2.00,3.09
212.80,0.00,-1.57,-1.00,-2.00,-3.10
212.90,0.00,1.00,-1.00,-2.00,3.03
213.00,0.00,1.00,-1.00,-2.00,3.13
213.10,0.00,-0.94,-1.00,-2.00,-3.05
213.20,0.00,1.00,-1.00,-2.00,3.14
213.30,0.00,-1.57,-1.00,-2.00,-3.05
213.40,0.00,1.00,-1.00,-2.00,3.08
213.50,0.00,-1.57,-1.00,-2.00,-3.10
213.60,0.00,1.00,-1.00,-2.00,3.02
213.70,0.00,1.00,-1.00,-2.00,3.12
213.80,0.00,-0.71,-1.00,-2.00,-3.06
213.90,0.00,1.00,-1.00,-2.00,-3.13
214.00,0.00,1.00,-1.00,-2.00,-3.03
214.10,0.00,1.00,-1.00,-2.00,-2.93
214.20,0.00,1.00,-1.00,-2.00,-2.83
214.30,0.00,1.00,-1.00,-2.00,-2.73
214.40,0.00,1.00,-1.00,-2.00,-2.63
214.50,0.00,1.00,-1.00,-2.00,-2.53
214.60,0.00,1.00,-1.00,-2.00,-2.43
214.70,0.00,1.00,-1.00,-2.00,-2.33
214.80,0.00,1.00,-1.00,-2.00,-2.23
214.90,0.00,1.00,-1.00,-2.00,-2.13
215.00,0.00,1.00,-1.00,-2.00,-2.03
215.10,0.00,1.00,-1.00,-2.00,-1.93
215.20,0.00,1.00,-1.00,-2.00,-1.83
215.30,0.00,1.00,-1.00,-2.00,-1.73
215.40,0.00,1.00,-1.00,-2.00,-1.63
215.50,0.00,1.00,-1.00,-2.00,-1.53
215.60,0.00,1.00,-1.00,-2.00,-1.43
215.70,0.00,1.00,-1.00,-2.00,-1.33
215.80,0.00,1.00,-1.00,-2.00,-1.23
215.90,0.00,1.00,-1.00,-2.00,-1.13
216.00,0.00,1.00,-1.00,-2.00,-1.03
216.10,0.00,1.00,-1.00,-2.00,-0.93
216.20,0.00,1.00,-1.00,-2.00,-0.83
216.30,0.00,1.00,-1.00,-2.00,-0.73
216.40,0.00,1.00,-1.00,-2.00,-0.63
216.50,0.00,1.00,-1.00,-2.00,-0.53
